EVENT_ID,TIME_STAMP,TYPE_DESCRIPTION,ONSTREET,DIRECTION,LAT,LONG
399,2013-10-01:05:44,Accident-ambulance rolling,405,1,34.072806,-118.466716
403,2013-10-01:05:45,Accident-ambulance rolling,405,1,34.055739,-118.452239
23,2013-10-01:07:07,Accident-property damage,405,1,34.201261,-118.473583
542,2013-10-01:07:08,Accident-property damage,405,1,34.201261,-118.473583
79,2013-10-01:07:33,Accident-property damage,405,1,33.73596,-117.994291
641,2013-10-01:07:44,Accident-property damage,405,0,33.94135,-118.368237
649,2013-10-01:07:45,Accident-property damage,405,0,34.003097,-118.41111
127,2013-10-01:07:53,Accident-ambulance rolling,405,1,33.776551,-118.08881
92,2013-10-01:07:54,Accident-property damage,405,1,33.685086,-117.896725
98,2013-10-01:07:54,Hit and Run-no injuries,405,1,33.759804,-118.02471
104,2013-10-01:08:14,Accident-property damage,405,1,33.708564,-117.958438
109,2013-10-01:08:31,Accident-property damage,405,0,33.761114,-118.024285
580,2013-10-01:08:35,Accident-no details,405,0,33.707827,-117.954312
19,2013-10-01:08:40,Accident-property damage,405,1,33.756658,-118.019335
122,2013-10-01:08:41,Accident-property damage,405,1,33.756658,-118.019335
123,2013-10-01:08:42,Accident-property damage,405,1,33.731918,-117.988716
144,2013-10-01:09:01,Hit and Run-no injuries,405,1,33.687142,-117.900636
28,2013-10-01:09:08,Accident-property damage,405,1,33.687188,-117.878741
1020,2013-10-01:09:26,Accident-property damage,405,1,33.890806,-118.361313
1020,2013-10-01:09:26,Accident-property damage,405,0,33.891063,-118.361306
1049,2013-10-01:09:34,Hit and Run-no injuries,405,1,33.759804,-118.02471
1148,2013-10-01:09:58,Accident-property damage,405,1,34.233558,-118.472957
1187,2013-10-01:10:10,Hit and Run-no injuries,405,0,34.003097,-118.41111
175,2013-10-01:11:09,Accident-ambulance rolling,405,1,33.697598,-117.940103
163,2013-10-01:11:27,Accident-ambulance rolling,405,0,33.657788,-117.777771
1718,2013-10-01:12:52,Accident-no details,405,1,33.961586,-118.369524
1718,2013-10-01:12:52,Accident-no details,405,1,33.966517,-118.370975
207,2013-10-01:12:57,Accident-ambulance rolling,405,0,33.65497,-117.772868
1805,2013-10-01:13:16,Accident-no details,405,1,34.154179,-118.468226
1805,2013-10-01:13:16,Accident-no details,405,1,34.122693,-118.478562
1805,2013-10-01:13:16,Accident-ambulance rolling,405,1,34.139358,-118.471277
1807,2013-10-01:13:16,Accident-no details,405,1,34.149131,-118.469156
1809,2013-10-01:13:17,Accident-no details,405,1,34.122693,-118.478562
159,2013-10-01:13:19,Accident-no details,405,1,34.149131,-118.469156
1817,2013-10-01:13:20,Accident-no details,405,1,34.1611,-118.469614
160,2013-10-01:13:21,Accident-property damage,405,1,34.149131,-118.469156
1834,2013-10-01:13:23,Accident-no details,405,1,34.151077,-118.468363
213,2013-10-01:13:27,Accident-ambulance rolling,405,1,33.776551,-118.08881
213,2013-10-01:13:27,Accident-ambulance rolling,405,1,33.774849,-118.086326
1853,2013-10-01:13:28,Accident-ambulance rolling,405,1,34.154179,-118.468226
1853,2013-10-01:13:28,Accident-ambulance rolling,405,1,34.122693,-118.478562
1855,2013-10-01:13:28,Accident-ambulance rolling,405,1,33.788248,-118.096429
161,2013-10-01:13:29,Accident-ambulance rolling,405,1,34.151077,-118.468363
43,2013-10-01:13:33,Accident-ambulance rolling,405,1,33.776551,-118.08881
1950,2013-10-01:13:48,Accident-no details,405,0,34.047022,-118.446575
270,2013-10-01:14:15,Accident-property damage,405,0,33.676854,-117.843381
2115,2013-10-01:14:37,Accident-ambulance rolling,405,1,34.160073,-118.469604
2131,2013-10-01:14:38,Hit and Run-no injuries,405,1,33.859753,-118.309149
287,2013-10-01:14:39,Hit and Run-no injuries,405,1,33.774159,-118.049783
115050,2013-10-01:14:43,Accident,405,1,34.173641,-118.467881
2174,2013-10-01:14:51,Accident-no details,405,0,33.872778,-118.341992
2176,2013-10-01:14:51,Accident-no details,405,0,33.864644,-118.326397
196,2013-10-01:14:52,Accident-no details,405,0,33.872778,-118.341992
197,2013-10-01:14:52,Accident-no details,405,0,33.864644,-118.326397
2257,2013-10-01:15:09,Accident-property damage,405,1,34.038994,-118.439912
306,2013-10-01:15:15,Accident-property damage,405,1,33.774246,-118.071496
2312,2013-10-01:15:25,Accident-no details,405,1,34.186646,-118.474262
219,2013-10-01:15:26,Accident-no details,405,1,34.186646,-118.474262
221,2013-10-01:15:28,Accident-property damage,405,1,34.038994,-118.439912
2356,2013-10-01:15:39,Accident-property damage,405,1,33.790411,-118.099358
2502,2013-10-01:16:24,Accident-property damage,405,1,33.975108,-118.384369
2502,2013-10-01:16:24,Accident-property damage,405,1,33.961586,-118.369524
239,2013-10-01:16:28,Accident-property damage,405,1,33.961586,-118.369524
240,2013-10-01:16:28,Accident-property damage,405,1,33.83935,-118.263543
241,2013-10-01:16:29,Accident-property damage,405,1,33.961586,-118.369524
2508,2013-10-01:16:29,Accident-property damage,405,1,33.83935,-118.263543
2630,2013-10-01:17:02,Accident-property damage,405,1,33.85684,-118.284809
527,2013-10-01:17:07,Accident-no details,405,1,33.774298,-118.083132
2695,2013-10-01:17:19,Accident-no details,405,1,33.802533,-118.125831
272,2013-10-01:17:21,Accident-no details,405,1,33.802533,-118.125831
2713,2013-10-01:17:25,Accident-no details,405,1,33.788248,-118.096429
394,2013-10-01:17:31,Accident-ambulance rolling,405,1,33.776551,-118.08881
2754,2013-10-01:17:34,Accident-no details,405,1,34.04347,-118.443789
2822,2013-10-01:17:46,Accident-ambulance rolling,405,0,33.846528,-118.270567
290,2013-10-01:17:53,Accident-ambulance rolling,405,0,33.846528,-118.270567
302,2013-10-01:18:09,Accident-property damage,405,1,34.221381,-118.473302
2904,2013-10-01:18:10,Hit and Run-no injuries,405,0,33.853125,-118.280407
2919,2013-10-01:18:15,Accident-property damage,405,0,33.839447,-118.263315
315,2013-10-01:18:26,Accident-property damage,405,1,34.221381,-118.473302
2987,2013-10-01:18:27,Hit and Run-no injuries,405,0,34.161392,-118.470014
497,2013-10-01:18:33,Accident-no details,405,0,33.669553,-117.822563
3043,2013-10-01:18:41,Accident-property damage,405,1,34.221381,-118.473302
3108,2013-10-01:18:56,Accident-property damage,405,1,34.122693,-118.478562
3108,2013-10-01:18:56,Accident-property damage,405,1,34.110525,-118.481781
465,2013-10-01:19:12,Accident-ambulance rolling,405,0,33.707827,-117.954312
460,2013-10-01:19:16,Accident-property damage,405,1,33.671159,-117.828214
19,2013-10-01:19:46,Accident-ambulance rolling,405,1,33.758978,-118.021531
3361,2013-10-01:20:01,Accident-property damage,405,1,34.27909,-118.469813
505,2013-10-01:20:47,Accident-property damage,405,1,33.700754,-117.859243
510,2013-10-01:21:03,Accident-ambulance rolling,405,1,33.651475,-117.761968
540,2013-10-01:21:43,Accident-property damage,405,0,33.677204,-117.844141
3813,2013-10-01:22:33,Hit and Run-no injuries,405,0,34.15067,-118.46824
3824,2013-10-01:22:38,Accident-property damage,405,0,34.172114,-118.46751
3893,2013-10-01:23:15,Hit and Run-no injuries,405,1,33.987383,-118.392542
21,2013-10-02:00:11,Accident-no details,405,0,34.055686,-118.451951
156,2013-10-02:01:36,Accident-no details,405,0,34.201108,-118.473406
156,2013-10-02:01:36,Accident-no details,405,0,34.186639,-118.473991
28,2013-10-02:02:04,Accident-ambulance rolling,405,0,33.686176,-117.87483
480,2013-10-02:05:50,Accident-no details,405,0,34.027542,-118.430128
7,2013-10-02:06:13,Accident-no details,405,1,33.776551,-118.08881
554,2013-10-02:06:33,Accident-no details,405,0,33.825939,-118.241557
20,2013-10-02:06:34,Accident-no details,405,0,33.825939,-118.241557
73,2013-10-02:07:21,Accident-no details,405,1,33.675111,-117.839867
75,2013-10-02:07:27,Accident-property damage,405,1,33.731681,-117.989185
698,2013-10-02:07:34,Accident-no details,405,0,34.024858,-118.428356
728,2013-10-02:07:43,Accident-no details,405,1,34.233558,-118.472957
728,2013-10-02:07:43,Accident-ambulance rolling,405,1,34.25727,-118.472339
736,2013-10-02:07:46,Accident-ambulance rolling,405,1,34.25727,-118.472339
742,2013-10-02:07:47,Accident-no details,405,1,34.233558,-118.472957
49,2013-10-02:07:49,Accident-ambulance rolling,405,0,34.024858,-118.428356
50,2013-10-02:07:50,Accident-ambulance rolling,405,1,34.25727,-118.472339
50,2013-10-02:07:50,Accident-ambulance rolling,405,1,34.233558,-118.472957
21,2013-10-02:08:17,Accident-property damage,405,0,33.669553,-117.822563
892,2013-10-02:08:28,Accident-property damage,405,1,34.172117,-118.46771
114,2013-10-02:08:41,Hit and Run-no injuries,405,1,33.758978,-118.021531
114,2013-10-02:08:41,Hit and Run-no injuries,405,1,33.774271,-118.078171
24,2013-10-02:08:49,Accident-property damage,405,1,33.756658,-118.019335
116,2013-10-02:08:50,Accident-property damage,405,1,33.756658,-118.019335
977,2013-10-02:08:56,Accident-property damage,405,1,34.149131,-118.469156
78,2013-10-02:08:58,Accident-property damage,405,1,34.149131,-118.469156
125,2013-10-02:09:08,Accident-property damage,405,0,33.65497,-117.772868
1160,2013-10-02:09:55,Accident-ambulance rolling,405,1,34.191973,-118.47438
1168,2013-10-02:09:56,Accident-ambulance rolling,405,1,34.172117,-118.46771
91,2013-10-02:10:01,Accident-ambulance rolling,405,1,34.191973,-118.47438
1179,2013-10-02:10:01,Accident-no details,405,0,34.15067,-118.46824
93,2013-10-02:10:02,Accident-no details,405,0,34.15067,-118.46824
1311,2013-10-02:10:41,Accident-property damage,405,1,34.165883,-118.469587
1629,2013-10-02:12:16,Accident-property damage,405,0,34.047022,-118.446575
1797,2013-10-02:13:07,Accident-no details,405,0,34.088608,-118.475191
159,2013-10-02:13:09,Accident-no details,405,0,34.088608,-118.475191
2104,2013-10-02:14:25,Accident-property damage,405,0,34.975086,-118.383617
2105,2013-10-02:14:25,Accident-no details,405,0,33.90175,-118.3703
181,2013-10-02:14:27,Accident-no details,405,0,33.90175,-118.3703
347,2013-10-02:15:06,Accident-ambulance rolling,405,0,33.690904,-117.92332
48,2013-10-02:15:08,Accident-property damage,405,0,33.690904,-117.92332
358,2013-10-02:15:22,Hit and Run-no injuries,405,0,33.687441,-117.873542
115056,2013-10-02:15:24,Accident,405,1,34.011343,-118.418016
2610,2013-10-02:16:31,Accident-no details,405,1,33.873445,-118.34275
225,2013-10-02:16:32,Accident-no details,405,1,33.873445,-118.34275
277,2013-10-02:18:23,Accident-ambulance rolling,405,1,33.790411,-118.099358
3086,2013-10-02:18:24,Accident-ambulance rolling,405,1,33.802636,-118.125354
3089,2013-10-02:18:24,Accident-property damage,405,0,34.975086,-118.383617
279,2013-10-02:18:25,Accident-property damage,405,0,34.975086,-118.383617
3152,2013-10-02:18:44,Accident-property damage,405,1,34.038994,-118.439912
3201,2013-10-02:18:58,Accident-ambulance rolling,405,0,33.997861,-118.406984
3211,2013-10-02:19:00,Accident-no details,405,1,33.855911,-118.28463
290,2013-10-02:19:03,Accident-property damage,405,1,34.038994,-118.439912
95,2013-10-02:19:41,Accident-no details,405,1,33.774246,-118.071496
547,2013-10-02:19:45,Accident-no details,405,1,33.774246,-118.071496
552,2013-10-02:19:58,Accident-property damage,405,0,33.735415,-117.989242
3730,2013-10-02:21:11,Hit and Run-no injuries,405,0,34.201108,-118.473406
455,2013-10-03:04:53,Accident-ambulance rolling,405,0,33.839447,-118.263315
3,2013-10-03:05:37,Accident-ambulance rolling,405,0,33.839447,-118.263315
23,2013-10-03:05:58,Hit and Run-no injuries,405,1,33.64989,-117.754034
582,2013-10-03:06:38,Accident-property damage,405,0,34.055686,-118.451951
24,2013-10-03:06:43,Accident-property damage,405,0,34.055686,-118.451951
750,2013-10-03:07:45,Accident-no details,405,1,33.961586,-118.369524
80,2013-10-03:07:52,Accident-property damage,405,0,33.664792,-117.793465
87,2013-10-03:07:58,Accident-no details,405,0,33.683525,-117.85845
18,2013-10-03:08:00,Accident-no details,405,0,33.683525,-117.85845
883,2013-10-03:08:42,Accident-property damage,405,0,33.802833,-118.12518
115,2013-10-03:08:43,Accident-property damage,405,1,33.774246,-118.071496
116,2013-10-03:08:43,Accident-property damage,405,1,33.668186,-117.819289
116,2013-10-03:08:43,Accident-property damage,405,0,33.669553,-117.822563
61,2013-10-03:08:51,Accident-ambulance rolling,405,0,33.801967,-118.114654
906,2013-10-03:08:51,Accident-ambulance rolling,405,0,33.796983,-118.107798
26,2013-10-03:08:52,Accident-property damage,405,1,33.744518,-118.005137
122,2013-10-03:08:53,Accident-property damage,405,1,33.744518,-118.005137
130,2013-10-03:09:15,Accident-property damage,405,0,33.6518,-117.760842
30,2013-10-03:09:16,Accident-property damage,405,0,33.6518,-117.760842
445,2013-10-03:09:24,Accident-property damage,405,0,33.677204,-117.844141
1163,2013-10-03:10:16,Accident-property damage,405,0,33.884661,-118.352382
1288,2013-10-03:11:00,Accident-no details,405,0,34.012294,-118.418389
105,2013-10-03:11:26,Accident-no details,405,1,34.077264,-118.470191
1590,2013-10-03:12:36,Accident-no details,405,1,34.160073,-118.469604
128,2013-10-03:12:40,Accident-no details,405,1,34.160073,-118.469604
249,2013-10-03:13:03,Accident-property damage,405,0,33.687441,-117.873542
52,2013-10-03:13:30,Accident-no details,405,1,33.774271,-118.078171
260,2013-10-03:13:31,Accident-property damage,405,1,33.774271,-118.078171
262,2013-10-03:13:32,Accident-no details,405,1,33.687296,-117.890487
1769,2013-10-03:13:43,Accident-property damage,405,0,34.235589,-118.472957
316,2013-10-03:14:17,Accident-property damage,405,0,33.700405,-117.946224
48,2013-10-03:15:13,Accident-property damage,405,0,33.688905,-117.918184
306,2013-10-03:15:30,Accident-property damage,405,0,33.690904,-117.92332
2264,2013-10-03:16:02,Accident-no details,405,0,34.975086,-118.383617
202,2013-10-03:16:03,Accident-property damage,405,0,34.975086,-118.383617
2269,2013-10-03:16:04,Accident-property damage,405,1,34.046958,-118.446773
2269,2013-10-03:16:04,Accident-property damage,405,1,34.055739,-118.452239
78,2013-10-03:16:55,Accident-property damage,405,1,33.746047,-118.007047
375,2013-10-03:16:56,Accident-property damage,405,1,33.746047,-118.007047
2659,2013-10-03:17:36,Accident-property damage,405,1,33.813428,-118.167665
245,2013-10-03:17:37,Accident-property damage,405,1,33.813428,-118.167665
2661,2013-10-03:17:38,Accident-property damage,405,1,34.046958,-118.446773
407,2013-10-03:18:07,Accident-no details,405,0,33.6828,-117.856863
97,2013-10-03:18:09,Accident-no details,405,0,33.6828,-117.856863
2929,2013-10-03:18:49,Accident-no details,405,0,34.072786,-118.466447
2956,2013-10-03:18:53,Hit and Run-no injuries,405,1,34.031657,-118.426656
2956,2013-10-03:18:53,Hit and Run-no injuries,405,1,34.038994,-118.439912
2980,2013-10-03:19:02,Accident-no details,405,1,34.024975,-118.42867
2981,2013-10-03:19:04,Accident-property damage,405,1,34.038994,-118.439912
3001,2013-10-03:19:09,Accident-no details,405,1,34.046958,-118.446773
3077,2013-10-03:19:26,Hit and Run-no injuries,405,0,34.218169,-118.473109
3150,2013-10-03:19:37,Accident-property damage,405,1,34.032964,-118.435738
3174,2013-10-03:19:46,Accident-property damage,405,1,34.032964,-118.435738
269,2013-10-03:19:48,Accident-property damage,405,1,34.035478,-118.438072
3179,2013-10-03:19:49,Accident-property damage,405,1,34.035478,-118.438072
3207,2013-10-03:19:54,Hit and Run-no injuries,405,1,33.81889,-118.191284
3291,2013-10-03:20:18,Accident-property damage,405,1,34.005972,-118.413666
3292,2013-10-03:20:21,Accident-property damage,405,0,34.088608,-118.475191
3308,2013-10-03:20:25,Accident-ambulance rolling,405,0,34.073173,-118.465701
3567,2013-10-03:21:48,Accident-no details,405,1,34.00293,-118.411254
3567,2013-10-03:21:48,Accident-no details,405,1,33.987765,-118.399247
3576,2013-10-03:21:48,Accident-ambulance rolling,405,0,34.077319,-118.469945
3586,2013-10-03:21:50,Accident-ambulance rolling,405,1,34.09662,-118.477173
3616,2013-10-03:21:59,Accident-property damage,405,0,34.235589,-118.472957
3616,2013-10-03:21:59,Accident-property damage,405,0,34.265892,-118.472025
3620,2013-10-03:22:00,Accident-no details,405,0,34.265239,-118.472021
3624,2013-10-03:22:00,Accident-no details,405,0,34.267114,-118.472023
3726,2013-10-03:22:29,Hit and Run-no injuries,405,0,34.047022,-118.446575
3769,2013-10-03:22:47,Accident-ambulance rolling,405,0,34.055686,-118.451951
3997,2013-10-03:23:55,Accident-property damage,405,1,33.825733,-118.241778
328,2013-10-04:00:00,Accident-no details,405,0,33.651117,-117.748768
302,2013-10-04:00:55,Accident-ambulance rolling,405,1,33.687884,-117.914545
615,2013-10-04:06:17,Accident-property damage,405,0,33.844972,-118.268763
16,2013-10-04:06:20,Accident-property damage,405,0,33.844972,-118.268763
638,2013-10-04:06:28,Hit and Run-no injuries,405,1,34.201261,-118.473583
640,2013-10-04:06:31,Accident-no details,405,1,34.186646,-118.474262
23,2013-10-04:06:34,Accident-no details,405,1,34.186646,-118.474262
62,2013-10-04:07:22,Accident-no details,405,1,33.708564,-117.958438
780,2013-10-04:07:34,Accident-property damage,405,1,33.988419,-118.405107
90,2013-10-04:07:41,Accident-no details,405,1,33.774159,-118.049783
93,2013-10-04:07:43,Accident-no details,405,1,33.756658,-118.019335
104,2013-10-04:08:01,Hit and Run-no injuries,405,1,33.722213,-117.974756
12,2013-10-04:08:04,Accident-property damage,405,1,33.722213,-117.974756
68,2013-10-04:08:43,Accident-property damage,405,0,33.859953,-118.309145
1081,2013-10-04:08:57,Hit and Run-no injuries,405,1,33.825153,-118.218579
1073,2013-10-04:09:00,Accident-ambulance rolling,405,1,34.172117,-118.46771
1075,2013-10-04:09:00,Accident-no details,405,1,34.221381,-118.473302
1076,2013-10-04:09:00,Accident-ambulance rolling,405,1,34.186646,-118.474262
1173,2013-10-04:09:27,Accident-ambulance rolling,405,1,34.201261,-118.473583
1352,2013-10-04:10:15,Accident-no details,405,0,33.891063,-118.361306
1436,2013-10-04:10:43,Accident-minor injuries,405,0,34.024858,-118.428356
206,2013-10-04:11:11,Accident-property damage,405,0,33.687437,-117.872002
1536,2013-10-04:11:14,Accident-no details,405,1,34.088594,-118.475404
219,2013-10-04:11:23,Hit and Run-no injuries,405,0,33.6518,-117.760842
1810,2013-10-04:12:31,Accident-no details,405,1,34.031657,-118.426656
1960,2013-10-04:13:07,Accident-property damage,405,1,33.831736,-118.256083
2116,2013-10-04:13:42,Accident-no details,405,1,34.055739,-118.452239
337,2013-10-04:14:17,Accident-no details,405,1,33.675285,-117.840745
337,2013-10-04:14:17,Accident-no details,405,0,33.67851,-117.84166
2319,2013-10-04:14:35,Accident-ambulance rolling,405,0,33.987849,-118.399044
2319,2013-10-04:14:35,Accident-ambulance rolling,405,1,34.00293,-118.411254
2316,2013-10-04:14:36,Accident-ambulance rolling,405,1,33.989533,-118.400713
2329,2013-10-04:14:37,Accident-ambulance rolling,405,1,34.005972,-118.413666
214,2013-10-04:14:39,Accident-ambulance rolling,405,0,33.987849,-118.399044
2337,2013-10-04:14:39,Accident-property damage,405,1,34.055739,-118.452239
2364,2013-10-04:14:43,Accident-no details,405,1,33.886552,-118.355412
219,2013-10-04:14:47,Accident-no details,405,1,33.886552,-118.355412
416,2013-10-04:15:26,Accident-property damage,405,1,33.774849,-118.086326
61,2013-10-04:15:29,Accident-property damage,405,1,33.774246,-118.071496
470,2013-10-04:16:23,Hit and Run-no injuries,405,0,33.700405,-117.946224
2881,2013-10-04:16:40,Accident-no details,405,1,34.233558,-118.472957
2881,2013-10-04:16:40,Accident-no details,405,1,34.25727,-118.472339
300,2013-10-04:16:41,Accident-no details,405,1,34.25727,-118.472339
303,2013-10-04:16:43,Accident-no details,405,1,34.233558,-118.472957
2934,2013-10-04:16:48,Accident-property damage,405,1,34.038994,-118.439912
2934,2013-10-04:16:48,Accident-no details,405,1,34.028326,-118.431305
491,2013-10-04:16:49,Accident-property damage,405,0,33.73675,-117.994969
311,2013-10-04:16:52,Accident-no details,405,1,34.028326,-118.431305
89,2013-10-04:17:06,Accident-property damage,405,1,33.657282,-117.777623
519,2013-10-04:17:17,Hit and Run-no injuries,405,1,33.774271,-118.078171
98,2013-10-04:17:22,Accident-property damage,405,1,33.774271,-118.078171
440,2013-10-04:17:25,Accident-ambulance rolling,405,0,33.761114,-118.024285
3213,2013-10-04:17:46,Accident-no details,405,1,34.122693,-118.478562
3204,2013-10-04:17:48,Accident-no details,405,1,34.1611,-118.469614
556,2013-10-04:17:51,Accident-property damage,405,1,33.671159,-117.828214
579,2013-10-04:18:13,Accident-property damage,405,0,33.685105,-117.861986
590,2013-10-04:18:26,Accident-property damage,405,0,33.690904,-117.92332
122,2013-10-04:18:38,Accident-property damage,405,0,33.690904,-117.92332
374,2013-10-04:18:38,Accident-ambulance rolling,405,1,33.811624,-118.161981
3494,2013-10-04:18:40,Accident-no details,405,0,34.25726,-118.472109
3526,2013-10-04:18:45,Accident-property damage,405,1,33.805642,-118.142538
3560,2013-10-04:18:51,Hit and Run-no injuries,405,1,34.00293,-118.411254
619,2013-10-04:19:03,Accident-ambulance rolling,405,1,33.652147,-117.766524
3672,2013-10-04:19:13,Accident-no details,405,1,33.822808,-118.198179
3672,2013-10-04:19:13,Accident-ambulance rolling,405,1,33.825417,-118.228404
3679,2013-10-04:19:14,Accident-ambulance rolling,405,1,33.825153,-118.218579
3831,2013-10-04:19:39,Hit and Run-no injuries,405,1,33.823144,-118.198851
3838,2013-10-04:19:41,Accident-ambulance rolling,405,0,34.172114,-118.46751
3838,2013-10-04:19:41,Accident-ambulance rolling,405,0,34.186639,-118.473991
4110,2013-10-04:20:42,Accident-property damage,405,0,34.055686,-118.451951
731,2013-10-04:21:48,Accident-no details,405,1,33.642012,-117.733055
732,2013-10-04:21:48,Accident-ambulance rolling,405,1,33.641223,-117.732611
4445,2013-10-04:22:17,Accident-property damage,405,1,33.814203,-118.176322
4593,2013-10-04:22:56,Hit and Run-no injuries,405,0,34.088608,-118.475191
178,2013-10-05:00:46,Accident-no details,405,0,34.25726,-118.472109
549,2013-10-05:02:39,Accident-property damage,405,1,33.813428,-118.167665
844,2013-10-05:05:18,Accident-no details,405,1,33.814203,-118.176322
908,2013-10-05:06:05,Accident-property damage,405,1,33.805642,-118.142538
948,2013-10-05:06:27,Accident-no details,405,1,34.00293,-118.411254
952,2013-10-05:06:27,Accident-ambulance rolling,405,1,33.975108,-118.384369
957,2013-10-05:06:27,Accident-no details,405,1,34.037243,-118.438884
951,2013-10-05:06:29,Accident-no details,405,1,33.989621,-118.40074
121,2013-10-05:07:24,Accident-ambulance rolling,405,1,33.722213,-117.974756
148,2013-10-05:08:11,Accident-no details,405,1,33.731681,-117.989185
1380,2013-10-05:09:28,Hit and Run-no injuries,405,130,34.185599,-118.474131
1415,2013-10-05:09:37,Accident-no details,405,1,33.963578,-118.370024
231,2013-10-05:10:51,Accident-no details,405,0,33.730942,-117.986308
1711,2013-10-05:11:10,Accident-property damage,405,1,34.122693,-118.478562
31,2013-10-05:11:11,Accident-property damage,405,1,34.122693,-118.478562
2112,2013-10-05:12:54,Accident-property damage,405,0,34.15067,-118.46824
2159,2013-10-05:13:04,Hit and Run-no injuries,405,1,33.898375,-118.370277
2240,2013-10-05:13:21,Hit and Run-no injuries,405,0,33.972065,-118.377561
443,2013-10-05:15:14,Accident-no details,405,0,33.6518,-117.760842
498,2013-10-05:16:46,Accident-property damage,405,0,33.68744,-117.872226
538,2013-10-05:18:12,Hit and Run-no injuries,405,0,33.774507,-118.080158
593,2013-10-05:19:45,Accident-no details,405,1,33.691016,-117.924226
668,2013-10-05:22:16,Accident-property damage,405,0,33.754385,-118.016229
31,2013-10-06:00:39,Accident-property damage,405,1,33.774246,-118.071496
123,2013-10-06:05:24,Accident-no details,405,1,33.675111,-117.839867
332,2013-10-06:12:52,Accident-ambulance rolling,405,1,33.660094,-117.782502
340,2013-10-06:15:11,Accident-property damage,405,0,33.688905,-117.918184
436,2013-10-06:16:28,Accident-property damage,405,1,33.774246,-118.071496
436,2013-10-06:16:28,Accident-property damage,405,1,33.774159,-118.049783
12,2013-10-06:16:38,Accident-property damage,405,1,33.774159,-118.049783
531,2013-10-06:19:12,Accident-ambulance rolling,405,0,33.694961,-117.933725
531,2013-10-06:19:14,Accident-ambulance rolling,405,0,33.695823,-117.935142
597,2013-10-07:02:36,Accident-no details,405,0,33.761114,-118.024285
115081,2013-10-07:04:05,Accident,405,0,33.805311,-118.140097
98,2013-10-07:07:38,Accident-property damage,405,1,33.687203,-117.872209
98,2013-10-07:07:38,Accident-property damage,405,1,33.683601,-117.85935
17,2013-10-07:07:39,Accident-property damage,405,1,33.683601,-117.85935
106,2013-10-07:07:59,Hit and Run-no injuries,405,1,33.687296,-117.890487
25,2013-10-07:08:48,Accident-no details,405,1,33.731681,-117.989185
143,2013-10-07:08:49,Accident-no details,405,1,33.731681,-117.989185
364,2013-10-07:15:57,Accident-property damage,405,0,33.688905,-117.918184
59,2013-10-07:16:00,Accident-property damage,405,1,33.687884,-117.914545
62,2013-10-07:16:12,Accident-property damage,405,0,33.688905,-117.918184
387,2013-10-07:16:30,Accident-no details,405,1,33.668186,-117.819289
423,2013-10-07:17:15,Hit and Run-no injuries,405,1,33.774159,-118.049783
77,2013-10-07:17:19,Hit and Run-no injuries,405,1,33.774159,-118.049783
441,2013-10-07:17:51,Accident-property damage,405,0,33.687437,-117.872002
446,2013-10-07:17:59,Accident-ambulance rolling,405,0,33.774508,-118.074948
452,2013-10-07:18:03,Accident-property damage,405,0,33.707827,-117.954312
488,2013-10-07:19:08,Accident-no details,405,1,33.776551,-118.08881
93,2013-10-07:19:10,Accident-no details,405,1,33.776551,-118.08881
530,2013-10-07:21:14,Accident-no details,405,1,33.687142,-117.900636
548,2013-10-07:21:46,Accident-no details,405,0,33.730942,-117.986308
573,2013-10-07:23:45,Accident-no details,405,1,33.774246,-118.071496
200,2013-10-08:07:56,Accident-no details,405,0,33.796979,-118.1078
200,2013-10-08:07:56,Accident-no details,405,0,33.780289,-118.090138
111,2013-10-08:07:58,Accident-no details,405,0,33.688561,-117.919298
125,2013-10-08:08:25,Accident-no details,405,0,33.690904,-117.92332
125,2013-10-08:08:25,Accident-ambulance rolling,405,0,33.690904,-117.92332
125,2013-10-08:08:25,Accident-ambulance rolling,405,0,33.698811,-117.942352
31,2013-10-08:08:27,Accident-ambulance rolling,405,0,33.696239,-117.936149
31,2013-10-08:08:27,Accident-no details,405,0,33.690904,-117.92332
140,2013-10-08:08:50,Hit and Run-no injuries,405,0,33.698811,-117.942352
140,2013-10-08:08:50,Hit and Run-no injuries,405,0,33.690904,-117.92332
142,2013-10-08:08:55,Accident-property damage,405,1,33.697598,-117.940103
115089,2013-10-08:08:58,Accident,405,1,34.173641,-118.467881
159,2013-10-08:09:23,Accident-no details,405,0,33.65497,-117.772868
41,2013-10-08:09:25,Accident-no details,405,0,33.65497,-117.772868
172,2013-10-08:09:50,Hit and Run-no injuries,405,1,33.776551,-118.08881
45,2013-10-08:09:55,Accident-no details,405,1,33.774271,-118.078171
171,2013-10-08:09:56,Accident-no details,405,1,33.731918,-117.988716
450,2013-10-08:11:48,Accident-no details,405,0,33.796979,-118.1078
328,2013-10-08:15:02,Accident-property damage,405,1,33.774159,-118.049783
342,2013-10-08:15:18,Hit and Run-no injuries,405,1,33.774159,-118.049783
73,2013-10-08:15:19,Accident-no details,405,1,33.774159,-118.049783
81,2013-10-08:15:50,Accident-property damage,405,1,33.774159,-118.049783
438,2013-10-08:16:08,Accident-no details,405,1,33.774246,-118.071496
383,2013-10-08:16:39,Hit and Run-no injuries,405,0,33.743113,-118.002722
90,2013-10-08:16:41,Hit and Run-no injuries,405,0,33.743113,-118.002722
390,2013-10-08:16:54,Accident-property damage,405,1,33.774246,-118.071496
401,2013-10-08:17:01,Accident-ambulance rolling,405,1,33.687884,-117.914545
401,2013-10-08:17:01,Accident-ambulance rolling,405,1,33.697598,-117.940103
403,2013-10-08:17:02,Accident-ambulance rolling,405,1,33.708564,-117.958438
115090,2013-10-08:17:11,Accident,405,0,34.277088,-118.470171
437,2013-10-08:18:02,Accident-no details,405,1,33.734689,-117.992707
437,2013-10-08:18:02,Accident-no details,405,1,33.774159,-118.049783
102,2013-10-08:18:06,Accident-no details,405,1,33.774159,-118.049783
484,2013-10-08:19:18,Accident-no details,405,1,33.773381,-118.039175
505,2013-10-08:19:46,Accident-no details,405,0,33.687441,-117.873542
521,2013-10-08:20:22,Hit and Run-no injuries,405,0,33.685105,-117.861986
559,2013-10-08:22:12,Accident-ambulance rolling,405,0,33.707827,-117.954312
46,2013-10-09:05:20,Accident-no details,405,1,33.756658,-118.019335
4,2013-10-09:06:08,Accident-ambulance rolling,405,1,33.758493,-118.023497
6,2013-10-09:06:12,Accident-no details,405,0,33.774471,-118.068873
75,2013-10-09:07:41,Accident-no details,405,1,33.700769,-117.947714
75,2013-10-09:07:41,Accident-no details,405,1,33.697598,-117.940103
15,2013-10-09:07:44,Accident-property damage,405,1,33.700769,-117.947714
78,2013-10-09:07:46,Accident-property damage,405,1,33.700769,-117.947714
98,2013-10-09:08:28,Accident-no details,405,1,33.746008,-118.006839
24,2013-10-09:08:29,Accident-no details,405,1,33.746008,-118.006839
184,2013-10-09:11:46,Accident-property damage,405,1,33.687296,-117.890487
184,2013-10-09:11:46,Accident-property damage,405,1,33.687706,-117.907677
211,2013-10-09:12:37,Accident-no details,405,1,33.687296,-117.890487
51,2013-10-09:12:38,Accident-no details,405,1,33.687296,-117.890487
255,2013-10-09:13:48,Accident-property damage,405,1,33.687296,-117.890487
267,2013-10-09:14:15,Hit and Run-no injuries,405,1,33.73596,-117.994291
282,2013-10-09:14:36,Accident-no details,405,130,33.720806,-117.971706
304,2013-10-09:15:02,Accident-property damage,405,0,33.759112,-118.0216
63,2013-10-09:15:09,Accident-no details,405,0,33.754385,-118.016229
328,2013-10-09:15:29,Accident-property damage,405,0,33.663545,-117.794514
66,2013-10-09:15:30,Accident-property damage,405,0,33.663545,-117.794514
330,2013-10-09:15:31,Accident-no details,405,0,33.64853,-117.748151
446,2013-10-09:18:00,Accident-no details,405,130,33.687874,-117.915766
462,2013-10-09:18:37,Accident-property damage,405,1,33.657554,-117.778107
471,2013-10-09:18:51,Accident-property damage,405,1,33.774298,-118.083132
101,2013-10-09:18:53,Accident-property damage,405,1,33.774298,-118.083132
479,2013-10-09:19:00,Accident-property damage,405,1,33.687296,-117.890487
488,2013-10-09:19:16,Accident-no details,405,1,33.664039,-117.800559
201,2013-10-09:19:33,Accident-no details,405,1,33.722213,-117.974756
259,2013-10-10:00:00,Accident-property damage,405,1,33.660094,-117.782502
1,2013-10-10:00:03,Accident-property damage,405,1,33.774013,-118.075389
4,2013-10-10:06:35,Accident-no details,405,1,33.774246,-118.071496
56,2013-10-10:07:05,Accident-no details,405,0,33.669553,-117.822563
6,2013-10-10:07:06,Accident-no details,405,0,33.669553,-117.822563
63,2013-10-10:07:21,Accident-property damage,405,1,33.712483,-117.963109
10,2013-10-10:07:23,Accident-no details,405,1,33.712483,-117.963109
12,2013-10-10:07:24,Accident-no details,405,1,33.708564,-117.958438
116,2013-10-10:08:33,Hit and Run-no injuries,405,0,33.788925,-118.089165
119,2013-10-10:08:40,Accident-property damage,405,1,33.671159,-117.828214
119,2013-10-10:08:40,Accident-property damage,405,1,33.675111,-117.839867
29,2013-10-10:08:42,Accident-property damage,405,1,33.671159,-117.828214
134,2013-10-10:09:10,Accident-property damage,405,0,33.780289,-118.090138
34,2013-10-10:09:11,Accident-property damage,405,0,33.780289,-118.090138
166,2013-10-10:11:00,Accident-property damage,405,1,33.681263,-117.85802
212,2013-10-10:12:35,Accident-no details,405,1,33.774159,-118.049783
115104,2013-10-10:13:45,Accident,405,0,33.865009,-118.327443
115105,2013-10-10:14:18,Accident,405,0,34.233944,-118.472836
336,2013-10-10:15:46,Accident-property damage,405,0,33.676805,-117.843274
65,2013-10-10:15:47,Accident-property damage,405,0,33.676805,-117.843274
365,2013-10-10:16:21,Accident-no details,405,0,33.677204,-117.844141
376,2013-10-10:16:32,Accident-property damage,405,0,33.695823,-117.935142
393,2013-10-10:17:04,Accident-no details,405,1,33.675726,-117.84473
83,2013-10-10:17:07,Accident-no details,405,1,33.675726,-117.84473
431,2013-10-10:18:13,Accident-no details,405,1,33.675726,-117.84473
433,2013-10-10:18:19,Accident-ambulance rolling,405,0,33.669553,-117.822563
433,2013-10-10:18:19,Accident-ambulance rolling,405,0,33.663569,-117.794702
452,2013-10-10:18:53,Hit and Run-no injuries,405,1,33.731681,-117.989185
100,2013-10-10:19:05,Accident-property damage,405,1,33.675111,-117.839867
470,2013-10-10:19:35,Accident-ambulance rolling,405,0,33.730942,-117.986308
489,2013-10-10:20:10,Hit and Run-no injuries,405,1,33.722213,-117.974756
115109,2013-10-11:00:22,Accident,405,0,34.093916,-118.475749
43,2013-10-11:03:57,Accident-ambulance rolling,405,0,33.705185,-117.954269
47,2013-10-11:05:45,Accident-property damage,405,1,33.704402,-117.954257
107,2013-10-11:08:51,Accident-property damage,405,0,33.669553,-117.822563
136,2013-10-11:09:48,Accident-no details,405,0,33.651861,-117.761244
304,2013-10-11:15:34,Accident-property damage,405,1,33.675726,-117.84473
304,2013-10-11:15:34,Accident-property damage,405,1,33.668186,-117.819289
64,2013-10-11:15:44,Accident-property damage,405,1,33.671159,-117.828214
317,2013-10-11:15:48,Accident-ambulance rolling,405,0,33.744605,-118.005014
69,2013-10-11:16:00,Accident-ambulance rolling,405,0,33.747054,-118.007447
329,2013-10-11:16:13,Accident-property damage,405,0,33.735415,-117.989242
74,2013-10-11:16:14,Accident-property damage,405,0,33.735415,-117.989242
356,2013-10-11:16:47,Accident-property damage,405,0,33.747054,-118.007447
89,2013-10-11:17:13,Accident-property damage,405,0,33.747054,-118.007447
412,2013-10-11:17:59,Accident-property damage,405,0,33.657938,-117.777723
99,2013-10-11:18:00,Accident-property damage,405,0,33.657938,-117.777723
615,2013-10-11:22:14,Accident-no details,405,0,33.690904,-117.92332
638,2013-10-11:22:58,Accident-no details,405,0,33.693252,-117.928998
9,2013-10-12:00:15,Accident-property damage,405,0,33.769766,-118.034636
107,2013-10-12:05:25,Accident-no details,405,1,33.687884,-117.914545
309,2013-10-12:12:17,Accident-property damage,405,0,33.687441,-117.873542
458,2013-10-12:16:58,Hit and Run-no injuries,405,0,33.690904,-117.92332
523,2013-10-12:18:10,Accident-property damage,405,0,33.720264,-117.972033
523,2013-10-12:18:10,Accident-property damage,405,0,33.707827,-117.954312
561,2013-10-12:18:58,Accident-no details,405,0,33.698811,-117.942352
579,2013-10-12:19:13,Accident-no details,405,0,33.696239,-117.936149
576,2013-10-12:19:17,Accident-property damage,405,0,33.698811,-117.942352
576,2013-10-12:19:17,Accident-property damage,405,0,33.690904,-117.92332
681,2013-10-12:22:34,Accident-ambulance rolling,405,1,33.642012,-117.733055
289,2013-10-13:14:23,Accident-property damage,405,0,33.723772,-117.97632
332,2013-10-13:15:55,Accident-ambulance rolling,405,1,33.64989,-117.754034
335,2013-10-13:15:55,Accident-no details,405,1,33.660094,-117.782502
438,2013-10-13:19:08,Accident-no details,405,1,33.774159,-118.049783
115123,2013-10-13:22:30,Accident,405,1,34.237779,-118.47326
4,2013-10-14:06:48,Accident-property damage,405,1,33.730207,-117.985987
75,2013-10-14:07:45,Accident-property damage,405,1,33.774246,-118.071496
312,2013-10-14:14:53,Accident-property damage,405,0,33.6518,-117.760842
312,2013-10-14:14:53,Accident-property damage,405,0,33.64853,-117.748151
346,2013-10-14:15:53,Accident-property damage,405,1,33.774246,-118.071496
62,2013-10-14:15:59,Accident-property damage,405,1,33.774271,-118.078171
370,2013-10-14:16:50,Accident-no details,405,1,33.675111,-117.839867
76,2013-10-14:16:54,Accident-property damage,405,0,33.683796,-117.855894
374,2013-10-14:16:55,Accident-property damage,405,0,33.683796,-117.855894
378,2013-10-14:17:05,Accident-property damage,405,130,33.720806,-117.971706
407,2013-10-14:17:55,Accident-property damage,405,0,33.687627,-117.894577
55,2013-10-15:06:13,Accident-no details,405,0,33.774924,-118.085956
55,2013-10-15:06:13,Accident-ambulance rolling,405,0,33.774505,-118.075641
4,2013-10-15:06:14,Accident-no details,405,0,33.774924,-118.085956
89,2013-10-15:07:39,Accident-ambulance rolling,405,0,33.773393,-118.039162
111,2013-10-15:08:14,Accident-ambulance rolling,405,1,33.763709,-118.02775
127,2013-10-15:08:28,Hit and Run-no injuries,405,1,33.759804,-118.02471
131,2013-10-15:08:42,Accident-no details,405,1,33.756658,-118.019335
131,2013-10-15:08:42,Accident-ambulance rolling,405,1,33.746047,-118.007047
28,2013-10-15:08:46,Accident-ambulance rolling,405,1,33.756658,-118.019335
137,2013-10-15:08:47,Accident-property damage,405,0,33.720264,-117.972033
31,2013-10-15:08:49,Accident-property damage,405,0,33.747054,-118.007447
31,2013-10-15:08:49,Accident-property damage,405,0,33.720264,-117.972033
145,2013-10-15:08:56,Accident-property damage,405,1,33.773163,-118.039517
145,2013-10-15:08:56,Accident-property damage,405,1,33.759804,-118.02471
150,2013-10-15:08:57,Accident-property damage,405,0,33.735415,-117.989242
36,2013-10-15:09:11,Accident-property damage,405,1,33.731681,-117.989185
159,2013-10-15:09:12,Accident-property damage,405,1,33.731681,-117.989185
203,2013-10-15:10:13,Accident-property damage,405,0,33.774471,-118.068873
384,2013-10-15:16:32,Accident-property damage,405,1,33.668186,-117.819289
391,2013-10-15:16:47,Accident-property damage,405,0,33.690904,-117.92332
84,2013-10-15:16:48,Accident-property damage,405,0,33.690904,-117.92332
413,2013-10-15:17:19,Accident-property damage,405,0,33.672646,-117.831722
413,2013-10-15:17:19,Accident-property damage,405,0,33.669553,-117.822563
89,2013-10-15:17:21,Accident-no details,405,0,33.669553,-117.822563
104,2013-10-15:18:53,Accident-property damage,405,0,33.707827,-117.954312
106,2013-10-15:19:11,Accident-no details,405,1,33.774246,-118.071496
478,2013-10-15:19:12,Accident-no details,405,1,33.774246,-118.071496
85,2013-10-16:07:35,Accident-property damage,405,1,33.700754,-117.859243
10,2013-10-16:07:37,Accident-property damage,405,1,33.700754,-117.859243
109,2013-10-16:08:31,Accident-property damage,405,0,33.746801,-118.006939
18,2013-10-16:08:33,Accident-property damage,405,0,33.761114,-118.024285
114,2013-10-16:08:42,Accident-no details,405,1,33.663251,-117.795122
132,2013-10-16:09:29,Accident-property damage,405,0,33.716086,-117.966661
278,2013-10-16:14:27,Accident-ambulance rolling,405,0,33.707827,-117.954312
278,2013-10-16:14:27,Accident-ambulance rolling,405,0,33.690904,-117.92332
278,2013-10-16:14:27,Accident-ambulance rolling,405,0,33.698811,-117.942352
332,2013-10-16:15:57,Accident-property damage,405,0,33.692144,-117.867333
332,2013-10-16:15:57,Accident-property damage,405,1,33.700754,-117.859243
342,2013-10-16:16:10,Accident-property damage,405,1,33.774271,-118.078171
82,2013-10-16:16:11,Accident-property damage,405,1,33.774271,-118.078171
356,2013-10-16:16:37,Accident-property damage,405,0,33.696239,-117.936149
361,2013-10-16:16:39,Accident-property damage,405,1,33.642012,-117.733055
87,2013-10-16:16:41,Accident-property damage,405,1,33.642012,-117.733055
479,2013-10-16:19:27,Hit and Run-no injuries,405,1,33.722213,-117.974756
453,2013-10-16:19:29,Accident-no details,405,1,33.746047,-118.007047
557,2013-10-16:21:55,Accident-property damage,405,0,33.682765,-117.856785
55,2013-10-17:06:42,Accident-no details,405,0,33.780289,-118.090138
3,2013-10-17:06:43,Accident-no details,405,0,33.780289,-118.090138
81,2013-10-17:07:42,Accident-property damage,405,1,33.687884,-117.914545
6,2013-10-17:07:47,Hit and Run-with injuries,405,0,33.692506,-117.868078
199,2013-10-17:11:42,Accident-property damage,405,1,33.660094,-117.782502
269,2013-10-17:13:55,Accident-property damage,405,0,33.687437,-117.872002
48,2013-10-17:14:09,Accident-property damage,405,0,33.687437,-117.872002
322,2013-10-17:15:17,Accident-ambulance rolling,405,0,33.690904,-117.92332
56,2013-10-17:15:23,Accident-ambulance rolling,405,0,33.690904,-117.92332
335,2013-10-17:15:33,Accident-property damage,405,0,33.730942,-117.986308
64,2013-10-17:15:40,Accident-no details,405,0,33.73675,-117.994969
341,2013-10-17:15:40,Accident-property damage,405,0,33.663569,-117.794702
342,2013-10-17:15:40,Accident-ambulance rolling,405,0,33.663545,-117.794514
372,2013-10-17:16:27,Hit and Run-no injuries,405,1,33.683601,-117.85935
390,2013-10-17:16:55,Accident-ambulance rolling,405,130,33.687162,-117.870258
436,2013-10-17:17:28,Hit and Run-no injuries,405,1,33.722213,-117.974756
456,2013-10-17:18:43,Accident-no details,405,1,33.788248,-118.096429
456,2013-10-17:18:43,Accident-no details,405,1,33.774246,-118.071496
456,2013-10-17:18:43,Accident-no details,405,1,33.785472,-118.093414
94,2013-10-17:18:46,Accident-no details,405,1,33.774246,-118.071496
473,2013-10-17:19:01,Accident-property damage,405,0,33.700405,-117.946224
103,2013-10-17:19:05,Accident-no details,405,0,33.707827,-117.954312
513,2013-10-17:19:58,Accident-property damage,405,0,33.696239,-117.936149
564,2013-10-17:21:29,Accident-no details,405,1,33.774271,-118.078171
106,2013-10-17:21:39,Accident-no details,405,1,33.774271,-118.078171
115147,2013-10-18:01:40,Accident,405,0,34.157002,-118.468651
73,2013-10-18:06:51,Accident-no details,405,0,33.677204,-117.844141
7,2013-10-18:06:52,Accident-no details,405,0,33.677204,-117.844141
497,2013-10-18:09:16,Accident-property damage,405,0,33.796979,-118.1078
269,2013-10-18:13:41,Accident-property damage,405,0,33.774507,-118.080158
269,2013-10-18:13:41,Accident-property damage,405,0,33.774505,-118.075641
340,2013-10-18:15:22,Accident-no details,405,0,33.761114,-118.024285
75,2013-10-18:15:32,Accident-no details,405,0,33.761114,-118.024285
350,2013-10-18:15:48,Accident-property damage,405,1,33.675111,-117.839867
447,2013-10-18:17:58,Accident-property damage,405,0,33.676854,-117.843381
495,2013-10-18:19:04,Accident-property damage,405,1,33.660094,-117.782502
561,2013-10-18:20:42,Accident-property damage,405,0,33.714047,-117.964583
96,2013-10-19:05:03,Accident-property damage,405,1,33.663251,-117.795122
128,2013-10-19:07:17,Accident-property damage,405,1,33.774159,-118.049783
189,2013-10-19:10:02,Accident-ambulance rolling,405,1,33.774159,-118.049783
80,2013-10-19:17:29,Accident-no details,405,0,33.773393,-118.039162
535,2013-10-19:19:57,Hit and Run-no injuries,405,1,33.642012,-117.733055
115163,2013-10-20:03:47,Accident,405,0,33.873028,-118.342097
280,2013-10-20:13:11,Accident-no details,405,1,33.774246,-118.071496
16,2013-10-21:06:59,Accident-no details,405,1,33.731681,-117.989185
27,2013-10-21:08:24,Accident-property damage,405,1,33.759804,-118.02471
32,2013-10-21:08:45,Accident-property damage,405,1,33.687296,-117.890487
37,2013-10-21:09:01,Accident-no details,405,0,33.774679,-118.046839
148,2013-10-21:09:01,Hit and Run-no injuries,405,1,33.722213,-117.974756
146,2013-10-21:09:02,Accident-no details,405,0,33.774924,-118.085956
367,2013-10-21:15:59,Accident-ambulance rolling,405,0,33.669553,-117.822563
382,2013-10-21:16:35,Hit and Run-no injuries,405,0,33.695823,-117.935142
445,2013-10-21:18:45,Accident-property damage,405,1,33.694083,-117.866125
445,2013-10-21:18:45,Accident-property damage,405,0,33.70042,-117.859795
19,2013-10-22:01:30,Accident-no details,405,0,33.774505,-118.075641
34,2013-10-22:04:03,Accident-ambulance rolling,405,1,33.704402,-117.954257
60,2013-10-22:06:35,Accident-no details,405,0,33.773393,-118.039162
60,2013-10-22:06:35,Accident-no details,405,0,33.774505,-118.075641
5,2013-10-22:06:36,Accident-no details,405,0,33.773393,-118.039162
99,2013-10-22:07:33,Accident-property damage,405,1,33.759804,-118.02471
19,2013-10-22:07:35,Accident-property damage,405,1,33.759804,-118.02471
21,2013-10-22:07:39,Accident-property damage,405,1,33.774271,-118.078171
105,2013-10-22:07:41,Accident-property damage,405,0,33.774505,-118.075641
110,2013-10-22:07:46,Accident-property damage,405,0,33.687437,-117.872002
24,2013-10-22:07:48,Accident-property damage,405,0,33.687437,-117.872002
39,2013-10-22:08:59,Accident-property damage,405,1,33.731918,-117.988716
144,2013-10-22:09:00,Accident-property damage,405,1,33.731918,-117.988716
252,2013-10-22:12:43,Accident-no details,405,1,33.774013,-118.075389
51,2013-10-22:12:47,Accident-no details,405,1,33.774013,-118.075389
272,2013-10-22:13:32,Accident-property damage,405,1,33.668186,-117.819289
295,2013-10-22:14:33,Hit and Run-no injuries,405,0,33.644679,-117.734962
294,2013-10-22:14:34,Accident-no details,405,0,33.65497,-117.772868
307,2013-10-22:14:59,Accident-property damage,405,0,33.669553,-117.822563
63,2013-10-22:15:22,Hit and Run-no injuries,405,1,33.774298,-118.083132
325,2013-10-22:15:24,Hit and Run-no injuries,405,1,33.774298,-118.083132
82,2013-10-22:17:13,Accident-property damage,405,1,33.687217,-117.883041
416,2013-10-22:17:14,Accident-property damage,405,1,33.687217,-117.883041
430,2013-10-22:17:26,Accident-property damage,405,0,33.690904,-117.92332
88,2013-10-22:17:29,Accident-property damage,405,0,33.690904,-117.92332
491,2013-10-22:19:05,Accident-ambulance rolling,405,0,33.674425,-117.845638
1196,2013-10-23:06:12,Accident-ambulance rolling,405,3,34.25978,-116.851081
99,2013-10-23:08:01,Hit and Run-with injuries,405,1,33.731681,-117.989185
170,2013-10-23:13:53,Accident-property damage,405,0,34.110597,-118.481596
1771,2013-10-23:13:53,Accident-no details,405,0,34.110597,-118.481596
1909,2013-10-23:14:40,Accident-no details,405,0,34.012294,-118.418389
1925,2013-10-23:14:43,Accident-ambulance rolling,405,0,34.164015,-118.469503
1925,2013-10-23:14:43,Accident-ambulance rolling,405,0,34.088608,-118.475191
189,2013-10-23:14:47,Accident-ambulance rolling,405,0,34.164015,-118.469503
286,2013-10-23:14:55,Accident-no details,405,0,33.707827,-117.954312
52,2013-10-23:14:56,Accident-no details,405,0,33.707827,-117.954312
208,2013-10-23:15:10,Accident-ambulance rolling,405,0,34.088608,-118.475191
303,2013-10-23:15:12,Accident-no details,405,1,33.687884,-117.914545
58,2013-10-23:15:15,Accident-no details,405,0,33.695823,-117.935142
2125,2013-10-23:15:34,Hit and Run-no injuries,405,0,33.825615,-118.228158
225,2013-10-23:15:44,Accident-property damage,405,0,33.825615,-118.228158
2192,2013-10-23:15:55,Accident-property damage,405,1,33.956389,-118.369469
2192,2013-10-23:15:55,Accident-property damage,405,1,33.961586,-118.369524
236,2013-10-23:16:00,Accident-no details,405,1,33.961586,-118.369524
2229,2013-10-23:16:00,Accident-no details,405,1,34.031657,-118.426656
343,2013-10-23:16:20,Accident-no details,405,0,33.690904,-117.92332
72,2013-10-23:16:22,Accident-property damage,405,0,33.690904,-117.92332
78,2013-10-23:16:57,Accident-property damage,405,0,33.693252,-117.928998
368,2013-10-23:16:58,Accident-property damage,405,0,33.693252,-117.928998
2630,2013-10-23:17:52,Accident-no details,405,0,34.201259,-118.472329
290,2013-10-23:17:53,Accident-no details,405,0,34.201259,-118.472329
2659,2013-10-23:18:01,Accident-property damage,405,1,34.00293,-118.411254
2720,2013-10-23:18:18,Accident-no details,405,0,33.987739,-118.398953
2720,2013-10-23:18:18,Accident-no details,405,0,33.993989,-118.40392
308,2013-10-23:18:34,Accident-property damage,405,1,33.809987,-118.158858
2790,2013-10-23:18:35,Accident-property damage,405,1,33.809987,-118.158858
310,2013-10-23:18:38,Accident-no details,405,0,34.003097,-118.41111
2885,2013-10-23:18:52,Accident-property damage,405,0,33.965836,-118.370496
2956,2013-10-23:19:04,Accident-property damage,405,0,34.157969,-118.468441
448,2013-10-23:19:24,Accident-property damage,405,130,33.662433,-117.789437
460,2013-10-23:19:52,Hit and Run-no injuries,405,0,33.695823,-117.935142
3140,2013-10-23:19:55,Hit and Run-no injuries,405,0,33.857886,-118.286336
466,2013-10-23:20:14,Accident-no details,405,1,33.731681,-117.989185
3254,2013-10-23:20:31,Hit and Run-no injuries,405,0,34.122631,-118.478405
3260,2013-10-23:20:33,Accident-ambulance rolling,405,0,34.072786,-118.466447
3365,2013-10-23:21:05,Accident-no details,405,0,34.072786,-118.466447
3421,2013-10-23:21:28,Accident-ambulance rolling,405,1,33.813428,-118.167665
3530,2013-10-23:22:07,Accident-property damage,405,0,34.096564,-118.476908
508,2013-10-23:22:13,Accident-ambulance rolling,405,0,33.682765,-117.856785
3700,2013-10-23:23:43,Hit and Run-no injuries,405,0,34.029878,-118.431632
12,2013-10-24:00:32,Accident-no details,405,1,33.671159,-117.828214
248,2013-10-24:02:41,Accident-property damage,405,1,34.038994,-118.439912
48,2013-10-24:06:29,Accident-no details,405,0,33.774507,-118.080158
549,2013-10-24:06:54,Accident-no details,405,0,33.825939,-118.241557
552,2013-10-24:06:56,Accident-no details,405,0,33.825357,-118.218449
19,2013-10-24:06:57,Accident-no details,405,0,33.825939,-118.241557
560,2013-10-24:07:00,Accident-property damage,405,0,33.857534,-118.28478
97,2013-10-24:07:04,Accident-property damage,405,0,33.667958,-117.817881
31,2013-10-24:07:09,Accident-property damage,405,0,33.844972,-118.268763
658,2013-10-24:07:26,Accident-property damage,405,0,33.891063,-118.361306
17,2013-10-24:08:42,Accident-property damage,405,0,33.667958,-117.817881
128,2013-10-24:09:27,Accident-property damage,405,0,33.664106,-117.798464
1127,2013-10-24:09:52,Hit and Run-no injuries,405,0,34.088608,-118.475191
1139,2013-10-24:09:56,Accident-property damage,405,1,34.149131,-118.469156
1139,2013-10-24:09:56,Accident-property damage,405,1,34.1611,-118.469614
95,2013-10-24:09:59,Accident-property damage,405,1,34.1611,-118.469614
1146,2013-10-24:10:00,Accident-property damage,405,1,34.122693,-118.478562
96,2013-10-24:10:01,Accident-property damage,405,1,34.122693,-118.478562
179,2013-10-24:11:53,Accident-no details,405,0,33.683796,-117.855894
207,2013-10-24:12:57,Accident-property damage,405,1,33.731681,-117.989185
138,2013-10-24:13:33,Accident-no details,405,1,34.005972,-118.413666
1783,2013-10-24:13:33,Accident-property damage,405,1,34.005972,-118.413666
1785,2013-10-24:13:33,Accident-no details,405,1,34.00293,-118.411254
1777,2013-10-24:13:34,Accident-no details,405,1,34.005972,-118.413666
139,2013-10-24:13:35,Accident-property damage,405,1,34.005972,-118.413666
141,2013-10-24:13:38,Accident-property damage,405,0,34.279088,-118.469644
1791,2013-10-24:13:39,Accident-property damage,405,0,34.279088,-118.469644
1992,2013-10-24:14:26,Hit and Run-no injuries,405,0,34.20456,-118.47324
275,2013-10-24:15:01,Accident-property damage,405,0,33.695823,-117.935142
275,2013-10-24:15:01,Accident-ambulance rolling,405,0,33.690904,-117.92332
30,2013-10-24:15:15,Accident-property damage,405,0,33.695823,-117.935142
2346,2013-10-24:15:51,Accident-property damage,405,0,33.914576,-118.370284
2468,2013-10-24:16:25,Accident-property damage,405,1,34.012186,-118.418558
2475,2013-10-24:16:26,Accident-no details,405,0,33.989356,-118.400237
2476,2013-10-24:16:26,Accident-no details,405,0,33.970546,-118.375232
2488,2013-10-24:16:29,Accident-no details,405,0,34.975086,-118.383617
2537,2013-10-24:16:41,Accident-property damage,405,0,34.975086,-118.383617
2544,2013-10-24:16:41,Accident-property damage,405,0,33.987849,-118.399044
2567,2013-10-24:16:49,Accident-property damage,405,0,33.891063,-118.361306
2567,2013-10-24:16:49,Accident-property damage,405,0,33.896672,-118.368906
353,2013-10-24:16:56,Accident-no details,405,0,33.688905,-117.918184
58,2013-10-24:16:57,Accident-no details,405,0,33.688905,-117.918184
354,2013-10-24:16:57,Accident-property damage,405,0,33.773393,-118.039162
2605,2013-10-24:16:57,Accident-property damage,405,1,34.046958,-118.446773
224,2013-10-24:17:01,Accident-property damage,405,1,34.046958,-118.446773
365,2013-10-24:17:13,Hit and Run-no injuries,405,1,33.64989,-117.754034
2695,2013-10-24:17:18,Accident-no details,405,1,34.221399,-118.473703
2695,2013-10-24:17:18,Accident-no details,405,1,34.233558,-118.472957
230,2013-10-24:17:26,Accident-no details,405,1,34.233558,-118.472957
230,2013-10-24:17:26,Accident-no details,405,1,34.221399,-118.473703
2733,2013-10-24:17:29,Accident-no details,405,0,33.802833,-118.12518
2747,2013-10-24:17:33,Accident-ambulance rolling,405,0,33.817508,-118.189208
2748,2013-10-24:17:33,Accident-ambulance rolling,405,0,33.813592,-118.167537
404,2013-10-24:18:10,Accident-property damage,405,0,33.747054,-118.007447
2967,2013-10-24:18:14,Accident-property damage,405,1,33.929828,-118.368531
2967,2013-10-24:18:14,Accident-property damage,405,1,34.945467,-118.368526
414,2013-10-24:18:22,Accident-no details,405,0,33.657788,-117.777771
77,2013-10-24:18:25,Accident-no details,405,0,33.657788,-117.777771
3076,2013-10-24:18:37,Accident-ambulance rolling,405,1,33.796703,-118.107792
270,2013-10-24:18:39,Accident-ambulance rolling,405,1,33.796703,-118.107792
3090,2013-10-24:18:40,Accident-ambulance rolling,405,1,33.796703,-118.107792
272,2013-10-24:18:41,Accident-no details,405,1,34.233558,-118.472957
3100,2013-10-24:18:42,Accident-no details,405,1,34.233558,-118.472957
3170,2013-10-24:18:55,Accident-property damage,405,1,34.233558,-118.472957
3268,2013-10-24:19:12,Accident-property damage,405,0,33.841767,-118.265595
492,2013-10-24:20:07,Accident-property damage,405,0,33.707827,-117.954312
3495,2013-10-24:20:11,Accident-property damage,405,1,34.046958,-118.446773
3531,2013-10-24:20:24,Accident-property damage,405,1,34.046958,-118.446773
3693,2013-10-24:21:04,Accident-no details,405,1,34.034482,-118.437709
3698,2013-10-24:21:04,Accident-no details,405,1,34.038994,-118.439912
3712,2013-10-24:21:07,Hit and Run-no injuries,405,1,34.038961,-118.439892
3748,2013-10-24:21:15,Accident-property damage,405,1,34.024975,-118.42867
3849,2013-10-24:21:52,Accident-ambulance rolling,405,1,34.233558,-118.472957
3854,2013-10-24:21:52,Accident-no details,405,1,34.27909,-118.469813
3982,2013-10-24:22:29,Accident-no details,405,1,34.27909,-118.469813
571,2013-10-24:22:44,Accident-property damage,405,0,33.743113,-118.002722
4044,2013-10-24:23:00,Accident-no details,405,0,34.122631,-118.478405
4044,2013-10-24:23:00,Accident-no details,405,0,34.088608,-118.475191
4132,2013-10-24:23:43,Accident-property damage,405,0,34.122631,-118.478405
4138,2013-10-24:23:47,Accident-property damage,405,0,34.039089,-118.43975
363,2013-10-25:04:53,Accident-no details,405,1,33.859715,-118.299188
363,2013-10-25:04:53,Accident-no details,405,1,33.859716,-118.295049
367,2013-10-25:04:56,Accident-no details,405,1,33.851075,-118.277485
410,2013-10-25:05:48,Accident-property damage,405,0,33.814411,-118.172427
411,2013-10-25:05:51,Hit and Run-no injuries,405,1,34.046958,-118.446773
5,2013-10-25:05:58,Accident-property damage,405,0,33.814408,-118.176318
517,2013-10-25:07:02,Accident-no details,405,0,33.961684,-118.36929
25,2013-10-25:07:03,Accident-no details,405,0,33.945333,-118.368263
25,2013-10-25:07:03,Accident-no details,405,0,33.961684,-118.36929
525,2013-10-25:07:05,Accident-no details,405,0,33.945333,-118.368263
28,2013-10-25:07:06,Accident-no details,405,0,33.945333,-118.368263
564,2013-10-25:07:29,Accident-no details,405,1,34.024975,-118.42867
567,2013-10-25:07:30,Accident-no details,405,1,34.046958,-118.446773
575,2013-10-25:07:30,Accident-no details,405,1,34.031657,-118.426656
33,2013-10-25:07:31,Accident-no details,405,1,34.035478,-118.438072
33,2013-10-25:07:31,Accident-no details,405,1,34.046958,-118.446773
21,2013-10-25:07:54,Accident-property damage,405,1,33.697598,-117.940103
106,2013-10-25:07:57,Accident-property damage,405,1,33.697598,-117.940103
640,2013-10-25:07:58,Accident-ambulance rolling,405,1,34.27909,-118.469813
111,2013-10-25:08:01,Accident-property damage,405,1,33.687884,-117.914545
43,2013-10-25:08:02,Accident-property damage,405,1,34.1611,-118.469614
678,2013-10-25:08:11,Accident-no details,405,0,33.864644,-118.326397
791,2013-10-25:08:43,Accident-property damage,405,1,33.898375,-118.370277
820,2013-10-25:08:50,Hit and Run-no injuries,405,1,34.172117,-118.46771
820,2013-10-25:08:50,Hit and Run-no injuries,405,1,34.1611,-118.469614
68,2013-10-25:09:04,Accident-property damage,405,1,33.898375,-118.370277
912,2013-10-25:09:25,Accident-no details,405,1,33.898375,-118.370277
916,2013-10-25:09:25,Accident-minor injuries,405,1,33.898375,-118.370277
1008,2013-10-25:09:50,Accident-no details,405,1,34.161004,-118.469616
75,2013-10-25:09:52,Accident-no details,405,1,34.161004,-118.469616
1020,2013-10-25:09:53,Hit and Run-no injuries,405,1,34.172117,-118.46771
77,2013-10-25:09:54,Accident-no details,405,1,34.172117,-118.46771
1052,2013-10-25:10:02,Accident-property damage,405,1,34.160073,-118.469604
1139,2013-10-25:10:35,Accident-no details,405,0,34.055686,-118.451951
93,2013-10-25:10:50,Accident-no details,405,0,34.055686,-118.451951
1389,2013-10-25:11:46,Accident-no details,405,1,34.201261,-118.473583
1560,2013-10-25:12:36,Accident-property damage,405,0,34.043572,-118.443615
1710,2013-10-25:13:16,Hit and Run-no injuries,405,0,33.825939,-118.241557
251,2013-10-25:13:21,Accident-property damage,405,0,33.774505,-118.075641
1860,2013-10-25:14:04,Accident-property damage,405,1,34.026762,-118.430113
2139,2013-10-25:15:10,Hit and Run-no injuries,405,0,34.02685,-118.429908
2199,2013-10-25:15:23,Accident-property damage,405,0,34.0586,-118.454308
329,2013-10-25:15:27,Accident-no details,405,0,33.669553,-117.822563
58,2013-10-25:15:30,Accident-property damage,405,1,33.744518,-118.005137
2270,2013-10-25:15:40,Accident-property damage,405,0,34.055686,-118.451951
62,2013-10-25:15:48,Accident-property damage,405,0,33.68838,-117.907664
2319,2013-10-25:15:52,Accident-ambulance rolling,405,0,34.186639,-118.473991
358,2013-10-25:15:53,Accident-property damage,405,0,33.67846,-117.846946
63,2013-10-25:15:55,Accident-property damage,405,0,33.67846,-117.846946
2407,2013-10-25:16:17,Accident-no details,405,0,34.072786,-118.466447
2501,2013-10-25:16:37,Hit and Run-no injuries,405,1,33.859753,-118.309149
385,2013-10-25:16:39,Accident-no details,405,1,33.746047,-118.007047
72,2013-10-25:16:40,Accident-no details,405,1,33.746047,-118.007047
2999,2013-10-25:18:22,Hit and Run-no injuries,405,0,34.201108,-118.473406
3077,2013-10-25:18:36,Accident-no details,405,1,33.85684,-118.284809
3077,2013-10-25:18:36,Accident-no details,405,1,33.859715,-118.299188
452,2013-10-25:18:42,Hit and Run-no injuries,405,1,33.687296,-117.890487
450,2013-10-25:18:44,Accident-property damage,405,0,33.687441,-117.873542
3193,2013-10-25:18:55,Hit and Run-no injuries,405,0,34.036971,-118.43854
3338,2013-10-25:19:25,Accident-no details,405,1,33.872903,-118.342364
3378,2013-10-25:19:31,Accident-property damage,405,1,33.884622,-118.352704
508,2013-10-25:19:52,Accident-property damage,405,0,33.696239,-117.936149
3584,2013-10-25:20:12,Accident-no details,405,1,34.005972,-118.413666
3626,2013-10-25:20:16,Accident-property damage,405,1,34.012186,-118.418558
128,2013-10-26:00:30,Hit and Run-no injuries,405,1,33.790411,-118.099358
129,2013-10-26:05:41,Accident-no details,405,0,33.683796,-117.855894
990,2013-10-26:07:13,Accident-no details,405,1,33.852643,-118.279755
990,2013-10-26:07:13,Accident-no details,405,0,33.857886,-118.286336
1683,2013-10-26:11:23,Accident-no details,405,1,33.825733,-118.241778
1683,2013-10-26:11:23,Accident-no details,405,1,33.831736,-118.256083
1686,2013-10-26:11:26,Accident-ambulance rolling,405,0,34.00023,-118.408852
1686,2013-10-26:11:26,Accident-ambulance rolling,405,1,34.00293,-118.411254
1698,2013-10-26:11:27,Accident-no details,405,1,34.072806,-118.466716
1859,2013-10-26:12:11,Accident-property damage,405,1,34.005972,-118.413666
1888,2013-10-26:12:18,Accident-property damage,405,0,34.072786,-118.466447
1886,2013-10-26:12:20,Accident-no details,405,1,34.172117,-118.46771
285,2013-10-26:12:29,Hit and Run-no injuries,405,1,33.774246,-118.071496
6,2013-10-26:12:45,Hit and Run-no injuries,405,1,33.774246,-118.071496
78,2013-10-26:13:26,Accident-property damage,405,1,34.046958,-118.446773
2113,2013-10-26:13:27,Accident-property damage,405,1,34.046958,-118.446773
2131,2013-10-26:13:31,Hit and Run-no injuries,405,0,34.047022,-118.446575
2348,2013-10-26:14:33,Accident-ambulance rolling,405,1,34.072806,-118.466716
2348,2013-10-26:14:33,Accident-minor injuries,405,1,34.09662,-118.477173
2354,2013-10-26:14:33,Accident-property damage,405,1,34.088594,-118.475404
2366,2013-10-26:14:33,Accident-ambulance rolling,405,1,34.122693,-118.478562
2401,2013-10-26:14:46,Accident-no details,405,1,34.088594,-118.475404
101,2013-10-26:14:47,Accident-no details,405,1,34.088594,-118.475404
2481,2013-10-26:15:08,Accident-no details,405,1,33.975108,-118.384369
364,2013-10-26:15:24,Accident-ambulance rolling,405,0,33.685451,-117.862756
2682,2013-10-26:16:02,Accident-property damage,405,0,34.975086,-118.383617
145,2013-10-26:16:36,Accident-property damage,405,0,34.218169,-118.473109
2801,2013-10-26:16:37,Accident-ambulance rolling,405,0,34.218169,-118.473109
2956,2013-10-26:17:19,Accident-property damage,405,0,34.15067,-118.46824
442,2013-10-26:17:46,Accident-ambulance rolling,405,1,33.731681,-117.989185
449,2013-10-26:17:52,Accident-property damage,405,0,33.774507,-118.080158
3239,2013-10-26:18:41,Accident-property damage,405,0,34.154133,-118.467958
3534,2013-10-26:20:08,Accident-ambulance rolling,405,1,34.00293,-118.411254
3534,2013-10-26:20:08,Accident-ambulance rolling,405,1,34.005972,-118.413666
3539,2013-10-26:20:09,Accident-no details,405,0,34.975086,-118.383617
3545,2013-10-26:20:11,Accident-no details,405,1,34.172117,-118.46771
3857,2013-10-26:21:42,Accident-no details,405,0,34.067097,-118.461533
138,2013-10-27:00:27,Accident-no details,405,0,34.088608,-118.475191
156,2013-10-27:00:30,Accident-no details,405,0,34.126388,-118.475396
156,2013-10-27:00:30,Accident-no details,405,0,34.088608,-118.475191
83,2013-10-27:01:53,Accident-ambulance rolling,405,0,33.73293,-117.989164
567,2013-10-27:01:55,Accident-ambulance rolling,405,0,34.224672,-118.473057
1146,2013-10-27:05:00,Accident-no details,405,0,33.863417,-118.322294
1160,2013-10-27:05:08,Accident-property damage,405,0,33.859916,-118.294347
176,2013-10-27:06:07,Accident-no details,405,0,33.651291,-117.757849
183,2013-10-27:06:59,Accident-no details,405,1,33.717183,-117.968759
1421,2013-10-27:07:37,Accident-no details,405,1,33.929709,-118.368531
5,2013-10-27:11:05,Accident-ambulance rolling,405,1,33.744518,-118.005137
82,2013-10-27:14:47,Accident-property damage,405,0,34.122631,-118.478405
2562,2013-10-27:14:48,Accident-property damage,405,0,34.122631,-118.478405
407,2013-10-27:14:54,Accident-property damage,405,0,33.773393,-118.039162
2776,2013-10-27:15:38,Accident-property damage,405,1,34.12637,-118.475639
2776,2013-10-27:15:38,Accident-property damage,405,1,34.139358,-118.471277
3036,2013-10-27:16:51,Accident-property damage,405,1,34.154179,-118.468226
3036,2013-10-27:16:51,Accident-property damage,405,0,34.096564,-118.476908
498,2013-10-27:17:04,Hit and Run-no injuries,405,1,33.774298,-118.083132
502,2013-10-27:17:16,Accident-property damage,405,1,33.691016,-117.924226
3150,2013-10-27:17:30,Accident-property damage,405,1,34.031657,-118.426656
3392,2013-10-27:18:32,Accident-no details,405,0,34.088608,-118.475191
3395,2013-10-27:18:33,Accident-property damage,405,0,34.088608,-118.475191
3775,2013-10-27:20:15,Accident-property damage,405,1,34.154179,-118.468226
3805,2013-10-27:20:23,Accident-property damage,405,0,34.036971,-118.43854
3956,2013-10-27:21:06,Accident-property damage,405,1,34.00293,-118.411254
616,2013-10-27:21:35,Accident-property damage,405,1,33.668186,-117.819289
4102,2013-10-27:21:42,Accident-property damage,405,0,33.945333,-118.368263
530,2013-10-28:05:44,Accident-property damage,405,0,33.852843,-118.279659
534,2013-10-28:05:48,Accident-no details,405,0,33.931026,-118.368252
2,2013-10-28:05:50,Accident-no details,405,0,33.931026,-118.368252
4,2013-10-28:06:00,Accident-property damage,405,0,33.931026,-118.368252
7,2013-10-28:06:09,Accident-property damage,405,0,33.916344,-118.37009
649,2013-10-28:06:49,Accident-property damage,405,0,33.825939,-118.241557
61,2013-10-28:06:58,Accident-property damage,405,1,33.774849,-118.086326
62,2013-10-28:06:59,Accident-no details,405,1,33.731681,-117.989185
11,2013-10-28:07:01,Accident-no details,405,1,33.731681,-117.989185
727,2013-10-28:07:24,Accident-ambulance rolling,405,0,33.825957,-118.236037
60,2013-10-28:07:26,Accident-no details,405,1,33.704443,-117.95379
732,2013-10-28:07:26,Accident-property damage,405,0,33.965836,-118.370496
80,2013-10-28:07:40,Accident-property damage,405,0,33.687566,-117.868785
66,2013-10-28:08:18,Accident-property damage,405,1,33.825153,-118.218579
867,2013-10-28:08:19,Accident-property damage,405,1,33.825153,-118.218579
1071,2013-10-28:09:34,Accident-property damage,405,1,34.088594,-118.475404
1105,2013-10-28:09:44,Accident-property damage,405,0,33.872778,-118.341992
1134,2013-10-28:09:45,Hit and Run-no injuries,405,1,34.139358,-118.471277
1119,2013-10-28:09:48,Accident-no details,405,0,33.859953,-118.309145
1123,2013-10-28:09:49,Accident-no details,405,0,34.122631,-118.478405
144,2013-10-28:09:52,Accident-no details,405,1,33.774246,-118.071496
30,2013-10-28:09:54,Accident-no details,405,1,33.774246,-118.071496
1203,2013-10-28:10:15,Accident-no details,405,1,34.233558,-118.472957
1228,2013-10-28:10:25,Accident-no details,405,0,34.088608,-118.475191
99,2013-10-28:10:26,Accident-no details,405,0,34.088608,-118.475191
1230,2013-10-28:10:26,Accident-no details,405,0,34.122631,-118.478405
102,2013-10-28:10:28,Accident-no details,405,0,34.122631,-118.478405
1286,2013-10-28:10:39,Hit and Run-no injuries,405,0,34.154133,-118.467958
1286,2013-10-28:10:39,Hit and Run-no injuries,405,0,34.15067,-118.46824
175,2013-10-28:11:09,Accident-ambulance rolling,405,1,33.687884,-117.914545
1393,2013-10-28:11:18,Accident-property damage,405,0,34.139358,-118.471048
193,2013-10-28:11:43,Accident-no details,405,0,33.690904,-117.92332
1686,2013-10-28:12:59,Accident-no details,405,1,34.1611,-118.469614
156,2013-10-28:13:03,Accident-property damage,405,1,34.155136,-118.468446
1699,2013-10-28:13:05,Accident-no details,405,1,34.155136,-118.468446
240,2013-10-28:13:15,Hit and Run-no injuries,405,1,33.68677,-117.867611
115210,2013-10-28:13:21,Accident,405,1,34.164511,-118.469839
1862,2013-10-28:13:43,Accident-no details,405,1,34.1611,-118.469614
260,2013-10-28:14:16,Accident-property damage,405,0,33.700405,-117.946224
2030,2013-10-28:14:28,Accident-no details,405,0,33.803067,-118.136371
2058,2013-10-28:14:33,Accident-no details,405,0,33.805847,-118.142507
187,2013-10-28:14:34,Accident-no details,405,0,33.805847,-118.142507
2109,2013-10-28:14:49,Accident-property damage,405,0,34.036971,-118.43854
50,2013-10-28:15:30,Accident-property damage,405,0,33.690904,-117.92332
2285,2013-10-28:15:40,Hit and Run-no injuries,405,0,34.055686,-118.451951
2283,2013-10-28:15:43,Accident-ambulance rolling,405,1,33.987765,-118.399247
220,2013-10-28:15:47,Accident-ambulance rolling,405,1,33.987765,-118.399247
330,2013-10-28:16:13,Accident-no details,405,1,33.687424,-117.895968
332,2013-10-28:16:13,Accident-no details,405,1,33.687884,-117.914545
2480,2013-10-28:16:32,Hit and Run-no injuries,405,0,34.055686,-118.451951
342,2013-10-28:16:34,Accident-property damage,405,0,33.687441,-117.873542
61,2013-10-28:16:35,Accident-property damage,405,0,33.687441,-117.873542
345,2013-10-28:16:36,Accident-property damage,405,1,33.687884,-117.914545
358,2013-10-28:17:02,Accident-property damage,405,1,33.687884,-117.914545
70,2013-10-28:17:09,Accident-property damage,405,0,33.687888,-117.905149
362,2013-10-28:17:12,Accident-property damage,405,0,33.687888,-117.905149
2647,2013-10-28:17:14,Accident-property damage,405,1,33.796703,-118.107792
2958,2013-10-28:18:44,Accident-no details,405,1,34.01875,-118.423801
2958,2013-10-28:18:44,Accident-no details,405,1,34.012186,-118.418558
273,2013-10-28:18:53,Accident-property damage,405,1,34.01875,-118.423801
3027,2013-10-28:19:03,Accident-property damage,405,1,34.01875,-118.423801
3031,2013-10-28:19:03,Accident-no details,405,0,34.088608,-118.475191
275,2013-10-28:19:10,Accident-property damage,405,0,34.088608,-118.475191
3229,2013-10-28:20:02,Accident-no details,405,0,34.25726,-118.472109
3241,2013-10-28:20:06,Accident-no details,405,0,34.186639,-118.473991
3265,2013-10-28:20:14,Accident-no details,405,0,33.805847,-118.142507
3265,2013-10-28:20:14,Accident-ambulance rolling,405,0,33.802833,-118.12518
3318,2013-10-28:20:27,Accident-property damage,405,1,34.172117,-118.46771
3398,2013-10-28:20:50,Accident-property damage,405,1,33.825733,-118.241778
3398,2013-10-28:20:50,Accident-property damage,405,0,33.82594,-118.241383
3479,2013-10-28:21:21,Accident-ambulance rolling,405,0,34.047022,-118.446575
39,2013-10-29:02:29,Accident-property damage,405,0,33.735415,-117.989242
261,2013-10-29:02:38,Accident-no details,405,1,34.038994,-118.439912
441,2013-10-29:05:30,Accident-ambulance rolling,405,1,34.055739,-118.452239
445,2013-10-29:05:31,Accident-ambulance rolling,405,1,34.072806,-118.466716
456,2013-10-29:05:35,Accident-property damage,405,0,34.265239,-118.472021
2,2013-10-29:05:44,Accident-property damage,405,0,33.808813,-118.156348
507,2013-10-29:05:58,Accident-property damage,405,1,34.201261,-118.473583
8,2013-10-29:06:02,Accident-property damage,405,1,34.201261,-118.473583
83,2013-10-29:06:40,Accident-property damage,405,0,33.780289,-118.090138
87,2013-10-29:06:54,Accident-property damage,405,1,33.774246,-118.071496
89,2013-10-29:06:58,Accident-property damage,405,1,33.774246,-118.071496
644,2013-10-29:07:19,Accident-property damage,405,1,34.072806,-118.466716
105,2013-10-29:07:44,Accident-no details,405,1,33.717183,-117.968759
15,2013-10-29:07:53,Accident-property damage,405,1,33.697598,-117.940103
111,2013-10-29:07:54,Accident-property damage,405,1,33.697598,-117.940103
39,2013-10-29:07:55,Accident-property damage,405,0,33.825971,-118.204397
128,2013-10-29:08:22,Accident-property damage,405,0,33.669553,-117.822563
904,2013-10-29:08:39,Accident-no details,405,1,34.148315,-118.46957
923,2013-10-29:08:44,Accident-property damage,405,1,34.093718,-118.476119
152,2013-10-29:08:49,Hit and Run-no injuries,405,0,33.774471,-118.068873
159,2013-10-29:09:08,Accident-no details,405,0,33.663569,-117.794702
27,2013-10-29:09:10,Accident-no details,405,0,33.663569,-117.794702
162,2013-10-29:09:17,Accident-property damage,405,1,33.649062,-117.751221
30,2013-10-29:09:21,Accident-property damage,405,1,33.649062,-117.751221
1065,2013-10-29:09:32,Accident-no details,405,1,34.221399,-118.473703
1274,2013-10-29:10:44,Accident-property damage,405,1,34.1611,-118.469614
1477,2013-10-29:11:49,Accident-property damage,405,1,34.122693,-118.478562
1477,2013-10-29:11:49,Accident-property damage,405,1,34.139358,-118.471277
270,2013-10-29:12:31,Accident-property damage,405,1,33.774159,-118.049783
46,2013-10-29:12:32,Accident-property damage,405,1,33.774159,-118.049783
47,2013-10-29:12:35,Accident-no details,405,1,33.774159,-118.049783
286,2013-10-29:12:58,Accident-property damage,405,1,33.668186,-117.819289
202,2013-10-29:13:18,Accident-property damage,405,1,33.656573,-117.779091
1808,2013-10-29:13:34,Accident-property damage,405,1,34.186646,-118.474262
374,2013-10-29:15:31,Accident-no details,405,1,33.774159,-118.049783
62,2013-10-29:15:33,Accident-no details,405,1,33.774159,-118.049783
418,2013-10-29:16:21,Hit and Run-no injuries,405,1,33.722213,-117.974756
2401,2013-10-29:16:23,Accident-property damage,405,1,33.802549,-118.11813
2436,2013-10-29:16:34,Hit and Run-no injuries,405,1,33.722213,-117.974756
459,2013-10-29:17:23,Accident-no details,405,0,33.688905,-117.918184
2606,2013-10-29:17:24,Hit and Run-no injuries,405,1,34.259379,-118.472319
2612,2013-10-29:17:26,Accident-no details,405,1,33.864472,-118.326524
229,2013-10-29:17:32,Accident-no details,405,1,33.864472,-118.326524
473,2013-10-29:17:50,Accident-property damage,405,0,33.688279,-117.901356
509,2013-10-29:18:43,Accident-no details,405,0,33.693252,-117.928998
87,2013-10-29:18:48,Accident-no details,405,0,33.693252,-117.928998
2958,2013-10-29:18:51,Accident-no details,405,1,33.786541,-118.094128
90,2013-10-29:18:53,Accident-property damage,405,0,33.707827,-117.954312
1222,2013-10-29:18:53,Accident-no details,405,1,33.786541,-118.094128
3005,2013-10-29:19:01,Accident-property damage,405,1,34.177111,-118.4685
3106,2013-10-29:19:28,Accident-property damage,405,0,33.796983,-118.107798
3106,2013-10-29:19:28,Accident-property damage,405,1,33.801726,-118.114658
3480,2013-10-29:21:16,Accident-no details,405,0,34.039553,-118.440146
534,2013-10-30:06:34,Accident-no details,405,1,33.796703,-118.107792
555,2013-10-30:06:41,Accident-property damage,405,1,33.802636,-118.125354
87,2013-10-30:06:44,Hit and Run-no injuries,405,0,33.714047,-117.964583
562,2013-10-30:06:44,Accident-property damage,405,0,33.938414,-118.368286
24,2013-10-30:06:50,Accident-property damage,405,1,33.796703,-118.107792
90,2013-10-30:06:50,Accident-property damage,405,1,33.774373,-118.096018
9,2013-10-30:06:54,Accident-property damage,405,1,33.774373,-118.096018
10,2013-10-30:06:54,Accident-property damage,405,1,33.774246,-118.071496
750,2013-10-30:07:53,Accident-ambulance rolling,405,1,34.055739,-118.452239
43,2013-10-30:07:54,Accident-ambulance rolling,405,1,34.072806,-118.466716
43,2013-10-30:07:54,Accident-ambulance rolling,405,1,34.055739,-118.452239
67,2013-10-30:08:27,Accident-no details,405,0,33.961684,-118.36929
894,2013-10-30:08:28,Accident-no details,405,0,33.961684,-118.36929
74,2013-10-30:08:40,Accident-property damage,405,0,33.802833,-118.12518
144,2013-10-30:08:42,Accident-property damage,405,0,33.65497,-117.772868
947,2013-10-30:08:47,Accident-property damage,405,0,33.802833,-118.12518
962,2013-10-30:08:51,Accident-ambulance rolling,405,1,34.122693,-118.478562
965,2013-10-30:08:51,Accident-property damage,405,1,33.813428,-118.167665
972,2013-10-30:08:54,Accident-property damage,405,1,33.916464,-118.370321
81,2013-10-30:09:10,Accident-property damage,405,0,33.813592,-118.167537
36,2013-10-30:09:17,Accident-property damage,405,1,33.704402,-117.954257
165,2013-10-30:09:18,Accident-property damage,405,1,33.744518,-118.005137
163,2013-10-30:09:20,Accident-property damage,405,1,33.704402,-117.954257
1044,2013-10-30:09:22,Accident-property damage,405,0,33.857886,-118.286336
1120,2013-10-30:09:45,Accident-property damage,405,0,33.811625,-118.161489
1138,2013-10-30:09:52,Accident-property damage,405,1,34.186646,-118.474262
101,2013-10-30:09:54,Accident-property damage,405,1,34.186646,-118.474262
183,2013-10-30:10:12,Accident-property damage,405,0,33.682765,-117.856785
183,2013-10-30:10:12,Accident-no details,405,0,33.687437,-117.872002
47,2013-10-30:10:13,Accident-no details,405,0,33.682765,-117.856785
47,2013-10-30:10:13,Accident-no details,405,0,33.687437,-117.872002
1328,2013-10-30:11:08,Accident-no details,405,1,34.201261,-118.473583
1328,2013-10-30:11:08,Accident-no details,405,1,34.186646,-118.474262
1372,2013-10-30:11:25,Accident-property damage,405,1,34.172117,-118.46771
1401,2013-10-30:11:39,Hit and Run-no injuries,405,1,34.072806,-118.466716
1414,2013-10-30:11:43,Accident-property damage,405,1,34.088594,-118.475404
130,2013-10-30:11:44,Accident-no details,405,1,34.088594,-118.475404
1429,2013-10-30:11:48,Accident-no details,405,0,34.235589,-118.472957
1440,2013-10-30:11:48,Hit and Run-no injuries,405,0,33.961684,-118.36929
1436,2013-10-30:11:49,Accident-ambulance rolling,405,0,34.221364,-118.473097
1436,2013-10-30:11:49,Accident-ambulance rolling,405,0,34.235589,-118.472957
131,2013-10-30:11:50,Accident-no details,405,0,34.235589,-118.472957
1437,2013-10-30:11:50,Accident-no details,405,0,34.201108,-118.473406
1449,2013-10-30:11:51,Hit and Run-no injuries,405,0,34.022431,-118.426459
1453,2013-10-30:11:53,Accident-no details,405,0,34.267114,-118.472023
213,2013-10-30:11:54,Accident-property damage,405,1,33.774013,-118.075389
213,2013-10-30:11:54,Accident-property damage,405,130,33.774252,-118.073458
54,2013-10-30:11:58,Accident-property damage,405,130,33.774252,-118.073458
54,2013-10-30:11:58,Accident-property damage,405,1,33.774246,-118.071496
136,2013-10-30:11:59,Accident-ambulance rolling,405,0,34.235589,-118.472957
239,2013-10-30:13:15,Accident-no details,405,1,33.687296,-117.890487
1797,2013-10-30:13:34,Accident-property damage,405,0,34.02685,-118.429908
174,2013-10-30:13:36,Accident-property damage,405,0,34.02685,-118.429908
68,2013-10-30:15:15,Accident-property damage,405,0,33.700405,-117.946224
2206,2013-10-30:15:19,Accident-property damage,405,1,33.786541,-118.094128
2236,2013-10-30:15:25,Accident-property damage,405,1,33.884622,-118.352704
228,2013-10-30:15:27,Accident-property damage,405,1,33.884622,-118.352704
2324,2013-10-30:15:41,Accident-no details,405,1,34.038994,-118.439912
328,2013-10-30:15:42,Accident-property damage,405,1,33.774246,-118.071496
330,2013-10-30:15:42,Accident-no details,405,1,33.774159,-118.049783
76,2013-10-30:15:43,Accident-property damage,405,1,33.774159,-118.049783
237,2013-10-30:15:46,Accident-no details,405,1,34.038994,-118.439912
2369,2013-10-30:15:53,Hit and Run-no injuries,405,1,33.803733,-118.138798
337,2013-10-30:15:54,Accident-no details,405,1,33.774298,-118.083132
78,2013-10-30:15:59,Accident-property damage,405,1,33.774298,-118.083132
342,2013-10-30:16:00,Accident-property damage,405,1,33.774298,-118.083132
2442,2013-10-30:16:18,Accident-no details,405,1,34.055739,-118.452239
2451,2013-10-30:16:20,Accident-no details,405,1,33.85684,-118.284809
85,2013-10-30:16:52,Accident-property damage,405,0,33.64853,-117.748151
369,2013-10-30:16:53,Accident-property damage,405,0,33.64853,-117.748151
2623,2013-10-30:17:01,Accident-no details,405,1,34.012186,-118.418558
88,2013-10-30:17:03,Accident-property damage,405,0,33.687437,-117.872002
377,2013-10-30:17:04,Accident-property damage,405,0,33.687437,-117.872002
2853,2013-10-30:17:57,Accident-no details,405,1,34.233558,-118.472957
2859,2013-10-30:17:57,Accident-ambulance rolling,405,1,34.221381,-118.473302
2961,2013-10-30:18:27,Hit and Run-no injuries,405,1,33.813428,-118.167665
441,2013-10-30:18:38,Accident-property damage,405,1,33.668186,-117.819289
3071,2013-10-30:18:51,Accident-property damage,405,0,34.047022,-118.446575
3131,2013-10-30:19:04,Hit and Run-no injuries,405,0,33.825939,-118.241557
3142,2013-10-30:19:08,Hit and Run-no injuries,405,1,33.829346,-118.208358
463,2013-10-30:19:15,Accident-ambulance rolling,405,0,33.687441,-117.873542
463,2013-10-30:19:15,Accident-ambulance rolling,405,0,33.676854,-117.843381
3214,2013-10-30:19:26,Accident-ambulance rolling,405,1,33.898375,-118.370277
3222,2013-10-30:19:26,Hit and Run-no injuries,405,1,33.802636,-118.125354
3220,2013-10-30:19:27,Accident-ambulance rolling,405,1,34.028326,-118.431305
3406,2013-10-30:20:23,Accident-no details,405,0,33.831631,-118.255664
502,2013-10-30:20:53,Accident-ambulance rolling,405,0,33.698811,-117.942352
503,2013-10-30:20:54,Accident-ambulance rolling,405,0,33.690904,-117.92332
3637,2013-10-30:21:49,Accident-property damage,405,1,34.172117,-118.46771
3661,2013-10-30:21:51,Accident-property damage,405,0,34.15067,-118.46824
3769,2013-10-30:22:35,Accident-property damage,405,1,34.233558,-118.472957
115226,2013-10-31:04:45,Accident,405,1,34.149667,-118.468982
65,2013-10-31:06:37,Accident-no details,405,1,33.774246,-118.071496
528,2013-10-31:06:41,Hit and Run-no injuries,405,1,34.201261,-118.473583
74,2013-10-31:06:50,Accident-property damage,405,1,33.687296,-117.890487
556,2013-10-31:06:59,Accident-no details,405,1,33.790411,-118.099358
556,2013-10-31:06:59,Accident-no details,405,1,33.802636,-118.125354
557,2013-10-31:06:59,Accident-no details,405,1,33.796703,-118.107792
26,2013-10-31:07:00,Accident-no details,405,1,33.790411,-118.099358
26,2013-10-31:07:00,Accident-no details,405,1,33.802636,-118.125354
65,2013-10-31:07:04,Accident-no details,405,0,33.688239,-117.910435
566,2013-10-31:07:05,Accident-no details,405,1,34.186646,-118.474262
566,2013-10-31:07:05,Accident-no details,405,1,34.201261,-118.473583
660,2013-10-31:07:39,Accident-property damage,405,1,34.201261,-118.473583
878,2013-10-31:08:52,Accident-no details,405,1,34.149131,-118.469156
86,2013-10-31:08:54,Accident-no details,405,1,34.149131,-118.469156
1054,2013-10-31:09:46,Accident-ambulance rolling,405,0,33.864644,-118.326397
160,2013-10-31:09:49,Accident-property damage,405,1,33.653412,-117.770567
34,2013-10-31:09:50,Accident-property damage,405,1,33.653412,-117.770567
1075,2013-10-31:09:51,Accident-property damage,405,0,33.891063,-118.361306
163,2013-10-31:09:52,Accident-no details,405,1,33.746047,-118.007047
36,2013-10-31:09:54,Accident-no details,405,1,33.746047,-118.007047
36,2013-10-31:09:54,Accident-no details,405,1,33.744518,-118.005137
1197,2013-10-31:10:36,Accident-property damage,405,0,34.055686,-118.451951
1302,2013-10-31:11:08,Accident-ambulance rolling,405,1,34.072806,-118.466716
125,2013-10-31:11:10,Accident-ambulance rolling,405,1,34.072806,-118.466716
126,2013-10-31:11:12,Accident-ambulance rolling,405,1,34.072806,-118.466716
304,2013-10-31:14:42,Accident-ambulance rolling,405,0,33.688645,-117.88572
305,2013-10-31:14:43,Accident-no details,405,0,33.714047,-117.964583
2027,2013-10-31:14:58,Accident-property damage,405,1,34.055696,-118.452196
327,2013-10-31:15:15,Accident-no details,405,1,33.774849,-118.086326
64,2013-10-31:15:16,Accident-no details,405,1,33.774849,-118.086326
2112,2013-10-31:15:16,Accident-property damage,405,0,34.039089,-118.43975
2275,2013-10-31:15:58,Hit and Run-no injuries,405,0,33.972722,-118.379414
365,2013-10-31:16:03,Hit and Run-no injuries,405,0,33.774505,-118.075641
2330,2013-10-31:16:16,Accident-no details,405,1,33.971783,-118.378102
380,2013-10-31:16:21,Accident-no details,405,0,33.705185,-117.954269
2345,2013-10-31:16:22,Accident-no details,405,0,34.009012,-118.415805
237,2013-10-31:16:23,Accident-no details,405,0,34.009012,-118.415805
85,2013-10-31:16:39,Accident-no details,405,0,33.705185,-117.954269
2444,2013-10-31:16:45,Accident-property damage,405,0,34.055686,-118.451951
2444,2013-10-31:16:45,Accident-property damage,405,0,34.047022,-118.446575
2553,2013-10-31:17:04,Accident-ambulance rolling,405,1,34.038994,-118.439912
2553,2013-10-31:17:04,Accident-ambulance rolling,405,1,34.046958,-118.446773
2557,2013-10-31:17:04,Accident-ambulance rolling,405,1,34.032964,-118.435738
265,2013-10-31:17:06,Accident-ambulance rolling,405,1,34.046958,-118.446773
2582,2013-10-31:17:08,Accident-property damage,405,1,33.825702,-118.213583
2593,2013-10-31:17:08,Accident-ambulance rolling,405,0,34.092328,-118.475723
2682,2013-10-31:17:10,Accident-no details,405,1,33.916464,-118.370321
2653,2013-10-31:17:20,Hit and Run-no injuries,405,0,34.02685,-118.429908
2674,2013-10-31:17:27,Accident-property damage,405,1,33.809987,-118.158858
450,2013-10-31:17:37,Hit and Run-no injuries,405,0,33.696239,-117.936149
295,2013-10-31:17:43,Accident-no details,405,0,33.987849,-118.399044
2753,2013-10-31:17:43,Hit and Run-no injuries,405,0,33.987849,-118.399044
297,2013-10-31:17:47,Hit and Run-no injuries,405,0,33.987849,-118.399044
100,2013-10-31:17:55,Accident-property damage,405,0,33.743113,-118.002722
463,2013-10-31:17:57,Accident-property damage,405,0,33.743113,-118.002722
2911,2013-10-31:18:19,Accident-property damage,405,1,33.987765,-118.399247
111,2013-10-31:18:36,Accident-no details,405,0,33.669553,-117.822563
3076,2013-10-31:18:55,Accident-ambulance rolling,405,1,33.825417,-118.228404
3078,2013-10-31:18:55,Accident-ambulance rolling,405,0,33.825971,-118.204397
3131,2013-10-31:19:06,Accident-property damage,405,1,33.890806,-118.361313
3145,2013-10-31:19:08,Accident-no details,405,1,33.898375,-118.370277
3199,2013-10-31:19:19,Accident-property damage,405,0,33.817508,-118.189208
3199,2013-10-31:19:19,Accident-property damage,405,0,33.814408,-118.176318
3222,2013-10-31:19:25,Accident-no details,405,0,34.235589,-118.472957
3248,2013-10-31:19:29,Accident-ambulance rolling,405,1,34.221381,-118.473302
3362,2013-10-31:19:57,Accident-property damage,405,0,33.813592,-118.167537
3419,2013-10-31:20:10,Accident-property damage,405,0,33.814411,-118.172427
3448,2013-10-31:20:16,Hit and Run-no injuries,405,0,33.805847,-118.142507
3779,2013-10-31:21:29,Accident-property damage,405,1,34.046958,-118.446773
3954,2013-10-31:22:07,Accident-property damage,405,1,34.031657,-118.426656
4033,2013-10-31:22:27,Hit and Run-no injuries,405,1,33.963578,-118.370024
4215,2013-10-31:23:24,Accident-no details,405,0,34.047022,-118.446575
4215,2013-10-31:23:24,Accident-no details,405,0,34.039089,-118.43975